[{"model": "GestionDePracticas.practica", "pk": 1, "fields": {"tipo": "C", "precio": "0.00", "cliente": 1, "mascota": 1, "tipoDeAtencion": 3, "adelanto": null, "turno": null}}, {"model": "GestionDePracticas.practica", "pk": 2, "fields": {"tipo": "Q", "precio": "0.00", "cliente": 8, "mascota": null, "tipoDeAtencion": 5, "adelanto": null, "turno": null}}, {"model": "GestionDePracticas.practica", "pk": 3, "fields": {"tipo": "Q", "precio": "0.00", "cliente": 3, "mascota": null, "tipoDeAtencion": 1, "adelanto": null, "turno": null}}, {"model": "GestionDePracticas.practica", "pk": 4, "fields": {"tipo": "Q", "precio": "0.00", "cliente": 1, "mascota": 1, "tipoDeAtencion": 4, "adelanto": 1, "turno": null}}, {"model": "GestionDePracticas.practica", "pk": 5, "fields": {"tipo": "Q", "precio": "0.00", "cliente": 2, "mascota": 4, "tipoDeAtencion": 1, "adelanto": 2, "turno": null}}, {"model": "GestionDePracticas.practica", "pk": 6, "fields": {"tipo": "C", "precio": "0.00", "cliente": 4, "mascota": 3, "tipoDeAtencion": 1, "adelanto": null, "turno": null}}, {"model": "GestionDePracticas.practica", "pk": 7, "fields": {"tipo": "C", "precio": "0.00", "cliente": 4, "mascota": 3, "tipoDeAtencion": 1, "adelanto": null, "turno": null}}, {"model": "GestionDePracticas.adelanto", "pk": 1, "fields": {"importe": "330.00", "turno": 11}}, {"model": "GestionDePracticas.adelanto", "pk": 2, "fields": {"importe": "900.00", "turno": 15}}, {"model": "GestionDePracticas.practicaservicio", "pk": 1, "fields": {"practica": 1, "servicio": 5, "cantidad": 2, "precio": "250.00"}}, {"model": "GestionDePracticas.practicaservicio", "pk": 2, "fields": {"practica": 1, "servicio": 10, "cantidad": 2, "precio": "200.00"}}, {"model": "GestionDePracticas.practicaservicio", "pk": 3, "fields": {"practica": 2, "servicio": 3, "cantidad": 2, "precio": "300.00"}}, {"model": "GestionDePracticas.practicaservicio", "pk": 4, "fields": {"practica": 2, "servicio": 4, "cantidad": 1, "precio": "400.00"}}, {"model": "GestionDePracticas.practicaservicio", "pk": 5, "fields": {"practica": 3, "servicio": 4, "cantidad": 2, "precio": "400.00"}}, {"model": "GestionDePracticas.practicaservicio", "pk": 6, "fields": {"practica": 4, "servicio": 1, "cantidad": 2, "precio": "1000.00"}}, {"model": "GestionDePracticas.practicaservicio", "pk": 7, "fields": {"practica": 5, "servicio": 2, "cantidad": 6, "precio": "500.00"}}, {"model": "GestionDePracticas.practicaservicio", "pk": 8, "fields": {"practica": 6, "servicio": 10, "cantidad": 2, "precio": "200.00"}}, {"model": "GestionDePracticas.practicaservicio", "pk": 9, "fields": {"practica": 7, "servicio": 8, "cantidad": 2, "precio": "200.00"}}, {"model": "GestionDePracticas.practicaproducto", "pk": 1, "fields": {"practica": 1, "producto": 1, "cantidad": 2, "precio": "70.00"}}, {"model": "GestionDePracticas.practicaproducto", "pk": 2, "fields": {"practica": 1, "producto": 2, "cantidad": 2, "precio": "80.00"}}, {"model": "GestionDePracticas.practicaproducto", "pk": 3, "fields": {"practica": 1, "producto": 5, "cantidad": 2, "precio": "20.00"}}, {"model": "GestionDePracticas.practicaproducto", "pk": 4, "fields": {"practica": 1, "producto": 6, "cantidad": 2, "precio": "5.00"}}, {"model": "GestionDePracticas.practicaproducto", "pk": 5, "fields": {"practica": 1, "producto": 8, "cantidad": 8, "precio": "15.00"}}, {"model": "GestionDePracticas.practicaproducto", "pk": 6, "fields": {"practica": 1, "producto": 9, "cantidad": 2, "precio": "5.00"}}, {"model": "GestionDePracticas.practicaproducto", "pk": 7, "fields": {"practica": 2, "producto": 2, "cantidad": 20, "precio": "80.00"}}, {"model": "GestionDePracticas.practicaproducto", "pk": 8, "fields": {"practica": 2, "producto": 3, "cantidad": 2, "precio": "250.00"}}, {"model": "GestionDePracticas.practicaproducto", "pk": 9, "fields": {"practica": 2, "producto": 4, "cantidad": 4, "precio": "350.00"}}, {"model": "GestionDePracticas.practicaproducto", "pk": 10, "fields": {"practica": 2, "producto": 5, "cantidad": 3, "precio": "20.00"}}, {"model": "GestionDePracticas.practicaproducto", "pk": 11, "fields": {"practica": 2, "producto": 6, "cantidad": 12, "precio": "5.00"}}, {"model": "GestionDePracticas.practicaproducto", "pk": 12, "fields": {"practica": 2, "producto": 7, "cantidad": 40, "precio": "100.00"}}, {"model": "GestionDePracticas.practicaproducto", "pk": 13, "fields": {"practica": 2, "producto": 8, "cantidad": 4, "precio": "15.00"}}, {"model": "GestionDePracticas.practicaproducto", "pk": 14, "fields": {"practica": 2, "producto": 9, "cantidad": 6, "precio": "5.00"}}, {"model": "GestionDePracticas.practicaproducto", "pk": 15, "fields": {"practica": 3, "producto": 5, "cantidad": 2, "precio": "20.00"}}, {"model": "GestionDePracticas.practicaproducto", "pk": 16, "fields": {"practica": 3, "producto": 6, "cantidad": 20, "precio": "5.00"}}, {"model": "GestionDePracticas.practicaproducto", "pk": 17, "fields": {"practica": 3, "producto": 8, "cantidad": 8, "precio": "15.00"}}, {"model": "GestionDePracticas.practicaproducto", "pk": 18, "fields": {"practica": 3, "producto": 9, "cantidad": 4, "precio": "5.00"}}, {"model": "GestionDePracticas.practicaproducto", "pk": 19, "fields": {"practica": 4, "producto": 7, "cantidad": 2, "precio": "100.00"}}, {"model": "GestionDePracticas.practicaproducto", "pk": 20, "fields": {"practica": 5, "producto": 5, "cantidad": 18, "precio": "20.00"}}, {"model": "GestionDePracticas.practicaproducto", "pk": 21, "fields": {"practica": 5, "producto": 6, "cantidad": 300, "precio": "5.00"}}, {"model": "GestionDePracticas.practicaproducto", "pk": 22, "fields": {"practica": 5, "producto": 8, "cantidad": 24, "precio": "15.00"}}, {"model": "GestionDePracticas.practicaproducto", "pk": 23, "fields": {"practica": 6, "producto": 6, "cantidad": 2, "precio": "5.00"}}, {"model": "GestionDePracticas.practicaproducto", "pk": 24, "fields": {"practica": 6, "producto": 8, "cantidad": 4, "precio": "15.00"}}, {"model": "GestionDePracticas.practicaproducto", "pk": 25, "fields": {"practica": 6, "producto": 9, "cantidad": 2, "precio": "5.00"}}, {"model": "GestionDePracticas.practicaproducto", "pk": 26, "fields": {"practica": 7, "producto": 6, "cantidad": 10, "precio": "5.00"}}, {"model": "GestionDePracticas.practicaproducto", "pk": 27, "fields": {"practica": 7, "producto": 8, "cantidad": 4, "precio": "15.00"}}, {"model": "GestionDePracticas.practicaproducto", "pk": 28, "fields": {"practica": 7, "producto": 9, "cantidad": 2, "precio": "5.00"}}, {"model": "GestionDePracticas.estado", "pk": 1, "fields": {"marca": "2018-11-27T02:19:21.461Z", "practica": 1, "tipo": 1, "usuario": null}}, {"model": "GestionDePracticas.estado", "pk": 2, "fields": {"marca": "2018-11-27T02:19:21.482Z", "practica": 1, "tipo": 3, "usuario": null}}, {"model": "GestionDePracticas.estado", "pk": 3, "fields": {"marca": "2018-11-27T02:19:41.433Z", "practica": 1, "tipo": 5, "usuario": null}}, {"model": "GestionDePracticas.estado", "pk": 4, "fields": {"marca": "2018-11-27T02:22:23.232Z", "practica": 2, "tipo": 1, "usuario": null}}, {"model": "GestionDePracticas.estado", "pk": 5, "fields": {"marca": "2018-11-27T02:22:23.242Z", "practica": 2, "tipo": 3, "usuario": null}}, {"model": "GestionDePracticas.estado", "pk": 6, "fields": {"marca": "2018-11-27T02:22:36.383Z", "practica": 3, "tipo": 1, "usuario": null}}, {"model": "GestionDePracticas.estado", "pk": 7, "fields": {"marca": "2018-11-27T02:22:36.391Z", "practica": 3, "tipo": 3, "usuario": null}}, {"model": "GestionDePracticas.estado", "pk": 8, "fields": {"marca": "2018-11-27T02:22:45.676Z", "practica": 3, "tipo": 4, "usuario": null}}, {"model": "GestionDePracticas.estado", "pk": 9, "fields": {"marca": "2018-11-27T02:23:07.618Z", "practica": 4, "tipo": 1, "usuario": null}}, {"model": "GestionDePracticas.estado", "pk": 10, "fields": {"marca": "2018-11-27T02:23:07.626Z", "practica": 4, "tipo": 3, "usuario": null}}, {"model": "GestionDePracticas.estado", "pk": 11, "fields": {"marca": "2018-11-27T02:23:18.269Z", "practica": 4, "tipo": 2, "usuario": null}}, {"model": "GestionDePracticas.estado", "pk": 12, "fields": {"marca": "2018-11-27T02:23:47.832Z", "practica": 4, "tipo": 5, "usuario": null}}, {"model": "GestionDePracticas.estado", "pk": 13, "fields": {"marca": "2018-11-27T02:24:51.612Z", "practica": 5, "tipo": 1, "usuario": null}}, {"model": "GestionDePracticas.estado", "pk": 14, "fields": {"marca": "2018-11-27T02:24:51.624Z", "practica": 5, "tipo": 3, "usuario": null}}, {"model": "GestionDePracticas.estado", "pk": 15, "fields": {"marca": "2018-11-27T02:25:23.109Z", "practica": 5, "tipo": 2, "usuario": null}}, {"model": "GestionDePracticas.estado", "pk": 16, "fields": {"marca": "2018-11-27T02:25:48.131Z", "practica": 5, "tipo": 5, "usuario": null}}, {"model": "GestionDePracticas.estado", "pk": 17, "fields": {"marca": "2018-11-27T02:26:06.337Z", "practica": 6, "tipo": 1, "usuario": null}}, {"model": "GestionDePracticas.estado", "pk": 18, "fields": {"marca": "2018-11-27T02:26:06.345Z", "practica": 6, "tipo": 3, "usuario": null}}, {"model": "GestionDePracticas.estado", "pk": 19, "fields": {"marca": "2018-11-27T02:26:53.670Z", "practica": 6, "tipo": 5, "usuario": null}}, {"model": "GestionDePracticas.estado", "pk": 20, "fields": {"marca": "2018-11-27T02:36:28.789Z", "practica": 7, "tipo": 1, "usuario": null}}, {"model": "GestionDePracticas.estado", "pk": 21, "fields": {"marca": "2018-11-27T02:36:28.801Z", "practica": 7, "tipo": 3, "usuario": null}}, {"model": "GestionDePracticas.estado", "pk": 22, "fields": {"marca": "2018-11-27T02:36:54.921Z", "practica": 7, "tipo": 5, "usuario": null}}, {"model": "GestionDePracticas.creada", "pk": 1, "fields": {}}, {"model": "GestionDePracticas.creada", "pk": 4, "fields": {}}, {"model": "GestionDePracticas.creada", "pk": 6, "fields": {}}, {"model": "GestionDePracticas.creada", "pk": 9, "fields": {}}, {"model": "GestionDePracticas.creada", "pk": 13, "fields": {}}, {"model": "GestionDePracticas.creada", "pk": 17, "fields": {}}, {"model": "GestionDePracticas.creada", "pk": 20, "fields": {}}, {"model": "GestionDePracticas.programada", "pk": 11, "fields": {"inicio": "2018-12-27T03:00:00Z", "finalizacion": "2018-12-27T04:00:00Z", "motivoReprogramacion": ""}}, {"model": "GestionDePracticas.programada", "pk": 15, "fields": {"inicio": "2019-01-07T03:00:00Z", "finalizacion": "2019-01-07T07:00:00Z", "motivoReprogramacion": ""}}, {"model": "GestionDePracticas.presupuestada", "pk": 2, "fields": {"diasMantenimiento": 7}}, {"model": "GestionDePracticas.presupuestada", "pk": 5, "fields": {"diasMantenimiento": 7}}, {"model": "GestionDePracticas.presupuestada", "pk": 7, "fields": {"diasMantenimiento": 7}}, {"model": "GestionDePracticas.presupuestada", "pk": 10, "fields": {"diasMantenimiento": 7}}, {"model": "GestionDePracticas.presupuestada", "pk": 14, "fields": {"diasMantenimiento": 7}}, {"model": "GestionDePracticas.presupuestada", "pk": 18, "fields": {"diasMantenimiento": 20}}, {"model": "GestionDePracticas.presupuestada", "pk": 21, "fields": {"diasMantenimiento": 7}}, {"model": "GestionDePracticas.realizada", "pk": 3, "fields": {"inicio": "2018-11-27T04:19:00Z", "finalizacion": "2018-11-27T05:19:00Z", "condicionPreviaMascota": "Sucio y con pesu\u00f1as desarregladas.", "resultados": "Limpio y con pesu\u00f1as cortadas."}}, {"model": "GestionDePracticas.realizada", "pk": 12, "fields": {"inicio": "2018-12-27T03:00:00Z", "finalizacion": "2018-12-27T04:00:00Z", "condicionPreviaMascota": "Ciego de ambos ojos.", "resultados": "EStable, visibilidad reducida."}}, {"model": "GestionDePracticas.realizada", "pk": 16, "fields": {"inicio": "2019-01-07T03:00:00Z", "finalizacion": "2019-01-07T07:00:00Z", "condicionPreviaMascota": "Caballos sin herraduras.", "resultados": "Caballos con herraduras."}}, {"model": "GestionDePracticas.realizada", "pk": 19, "fields": {"inicio": "2018-11-27T04:26:00Z", "finalizacion": "2018-11-27T05:26:00Z", "condicionPreviaMascota": "Perros con pezu\u00f1as largas", "resultados": "Perros con pezu\u00f1as cortadas."}}, {"model": "GestionDePracticas.realizada", "pk": 22, "fields": {"inicio": "2018-11-27T04:36:00Z", "finalizacion": "2018-11-27T05:36:00Z", "condicionPreviaMascota": "", "resultados": "Perro con vacunas para el moquillo y la parvovirosis."}}, {"model": "GestionDePracticas.realizadaservicio", "pk": 1, "fields": {"realizada": 3, "servicio": 5, "cantidad": 2, "precio": "250.00", "observaciones": ""}}, {"model": "GestionDePracticas.realizadaservicio", "pk": 2, "fields": {"realizada": 3, "servicio": 10, "cantidad": 2, "precio": "200.00", "observaciones": ""}}, {"model": "GestionDePracticas.realizadaservicio", "pk": 3, "fields": {"realizada": 12, "servicio": 1, "cantidad": 2, "precio": "1000.00", "observaciones": ""}}, {"model": "GestionDePracticas.realizadaservicio", "pk": 4, "fields": {"realizada": 16, "servicio": 2, "cantidad": 6, "precio": "500.00", "observaciones": ""}}, {"model": "GestionDePracticas.realizadaservicio", "pk": 5, "fields": {"realizada": 19, "servicio": 10, "cantidad": 2, "precio": "200.00", "observaciones": ""}}, {"model": "GestionDePracticas.realizadaservicio", "pk": 6, "fields": {"realizada": 22, "servicio": 8, "cantidad": 2, "precio": "200.00", "observaciones": ""}}, {"model": "GestionDePracticas.realizadaproducto", "pk": 1, "fields": {"realizada": 3, "producto": 1, "cantidad": 2, "precio": "70.00"}}, {"model": "GestionDePracticas.realizadaproducto", "pk": 2, "fields": {"realizada": 3, "producto": 2, "cantidad": 2, "precio": "80.00"}}, {"model": "GestionDePracticas.realizadaproducto", "pk": 3, "fields": {"realizada": 3, "producto": 5, "cantidad": 4, "precio": "20.00"}}, {"model": "GestionDePracticas.realizadaproducto", "pk": 4, "fields": {"realizada": 3, "producto": 6, "cantidad": 2, "precio": "5.00"}}, {"model": "GestionDePracticas.realizadaproducto", "pk": 5, "fields": {"realizada": 3, "producto": 8, "cantidad": 8, "precio": "15.00"}}, {"model": "GestionDePracticas.realizadaproducto", "pk": 6, "fields": {"realizada": 3, "producto": 9, "cantidad": 2, "precio": "5.00"}}, {"model": "GestionDePracticas.realizadaproducto", "pk": 7, "fields": {"realizada": 12, "producto": 7, "cantidad": 2, "precio": "100.00"}}, {"model": "GestionDePracticas.realizadaproducto", "pk": 8, "fields": {"realizada": 12, "producto": 9, "cantidad": 2, "precio": "5.00"}}, {"model": "GestionDePracticas.realizadaproducto", "pk": 9, "fields": {"realizada": 12, "producto": 6, "cantidad": 6, "precio": "5.00"}}, {"model": "GestionDePracticas.realizadaproducto", "pk": 10, "fields": {"realizada": 12, "producto": 2, "cantidad": 1, "precio": "80.00"}}, {"model": "GestionDePracticas.realizadaproducto", "pk": 11, "fields": {"realizada": 16, "producto": 5, "cantidad": 18, "precio": "20.00"}}, {"model": "GestionDePracticas.realizadaproducto", "pk": 12, "fields": {"realizada": 16, "producto": 6, "cantidad": 300, "precio": "5.00"}}, {"model": "GestionDePracticas.realizadaproducto", "pk": 13, "fields": {"realizada": 16, "producto": 8, "cantidad": 24, "precio": "15.00"}}, {"model": "GestionDePracticas.realizadaproducto", "pk": 14, "fields": {"realizada": 19, "producto": 6, "cantidad": 2, "precio": "5.00"}}, {"model": "GestionDePracticas.realizadaproducto", "pk": 15, "fields": {"realizada": 19, "producto": 8, "cantidad": 4, "precio": "15.00"}}, {"model": "GestionDePracticas.realizadaproducto", "pk": 16, "fields": {"realizada": 19, "producto": 9, "cantidad": 2, "precio": "5.00"}}, {"model": "GestionDePracticas.realizadaproducto", "pk": 17, "fields": {"realizada": 22, "producto": 6, "cantidad": 10, "precio": "5.00"}}, {"model": "GestionDePracticas.realizadaproducto", "pk": 18, "fields": {"realizada": 22, "producto": 8, "cantidad": 4, "precio": "15.00"}}, {"model": "GestionDePracticas.realizadaproducto", "pk": 19, "fields": {"realizada": 22, "producto": 9, "cantidad": 2, "precio": "5.00"}}, {"model": "GestionDePracticas.cancelada", "pk": 8, "fields": {"motivo": "No tiene animales."}}]