[{"model": "GestionDePracticas.practica", "pk": 1, "fields": {"tipo": "C", "precio": "1210.00", "cliente": 5, "mascota": 2, "tipoDeAtencion": 4, "adelanto": null, "turno": null}}, {"model": "GestionDePracticas.practica", "pk": 2, "fields": {"tipo": "C", "precio": "0.00", "cliente": 7, "mascota": null, "tipoDeAtencion": 4, "adelanto": null, "turno": null}}, {"model": "GestionDePracticas.practica", "pk": 3, "fields": {"tipo": "C", "precio": "1750.00", "cliente": 2, "mascota": 4, "tipoDeAtencion": 4, "adelanto": null, "turno": null}}, {"model": "GestionDePracticas.practica", "pk": 4, "fields": {"tipo": "C", "precio": "4170.00", "cliente": 4, "mascota": 3, "tipoDeAtencion": 4, "adelanto": null, "turno": null}}, {"model": "GestionDePracticas.practica", "pk": 5, "fields": {"tipo": "Q", "precio": "0.00", "cliente": 5, "mascota": 2, "tipoDeAtencion": 4, "adelanto": null, "turno": null}}, {"model": "GestionDePracticas.practica", "pk": 6, "fields": {"tipo": "Q", "precio": "0.00", "cliente": 4, "mascota": 3, "tipoDeAtencion": 4, "adelanto": null, "turno": null}}, {"model": "GestionDePracticas.practica", "pk": 7, "fields": {"tipo": "Q", "precio": "3480.00", "cliente": 2, "mascota": 4, "tipoDeAtencion": 4, "adelanto": 1, "turno": null}}, {"model": "GestionDePracticas.practica", "pk": 8, "fields": {"tipo": "Q", "precio": "3030.00", "cliente": 1, "mascota": 1, "tipoDeAtencion": 4, "adelanto": 2, "turno": null}}, {"model": "GestionDePracticas.practica", "pk": 9, "fields": {"tipo": "Q", "precio": "0.00", "cliente": 3, "mascota": null, "tipoDeAtencion": 4, "adelanto": null, "turno": null}}, {"model": "GestionDePracticas.practica", "pk": 10, "fields": {"tipo": "Q", "precio": "740.00", "cliente": 5, "mascota": 2, "tipoDeAtencion": 4, "adelanto": 3, "turno": null}}, {"model": "GestionDePracticas.adelanto", "pk": 1, "fields": {"importe": "522.00", "turno": 17}}, {"model": "GestionDePracticas.adelanto", "pk": 2, "fields": {"importe": "327.00", "turno": 20}}, {"model": "GestionDePracticas.adelanto", "pk": 3, "fields": {"importe": "90.00", "turno": 26}}, {"model": "GestionDePracticas.practicaservicio", "pk": 1, "fields": {"practica": 1, "servicio": 10, "cantidad": 1, "precio": "200.00"}}, {"model": "GestionDePracticas.practicaservicio", "pk": 2, "fields": {"practica": 1, "servicio": 5, "cantidad": 1, "precio": "250.00"}}, {"model": "GestionDePracticas.practicaservicio", "pk": 3, "fields": {"practica": 1, "servicio": 8, "cantidad": 2, "precio": "200.00"}}, {"model": "GestionDePracticas.practicaservicio", "pk": 4, "fields": {"practica": 2, "servicio": 10, "cantidad": 3, "precio": "200.00"}}, {"model": "GestionDePracticas.practicaservicio", "pk": 5, "fields": {"practica": 3, "servicio": 5, "cantidad": 1, "precio": "250.00"}}, {"model": "GestionDePracticas.practicaservicio", "pk": 6, "fields": {"practica": 3, "servicio": 8, "cantidad": 5, "precio": "200.00"}}, {"model": "GestionDePracticas.practicaservicio", "pk": 7, "fields": {"practica": 4, "servicio": 10, "cantidad": 2, "precio": "200.00"}}, {"model": "GestionDePracticas.practicaservicio", "pk": 8, "fields": {"practica": 4, "servicio": 5, "cantidad": 3, "precio": "250.00"}}, {"model": "GestionDePracticas.practicaservicio", "pk": 9, "fields": {"practica": 4, "servicio": 8, "cantidad": 9, "precio": "200.00"}}, {"model": "GestionDePracticas.practicaservicio", "pk": 10, "fields": {"practica": 5, "servicio": 4, "cantidad": 1, "precio": "400.00"}}, {"model": "GestionDePracticas.practicaservicio", "pk": 11, "fields": {"practica": 5, "servicio": 3, "cantidad": 2, "precio": "300.00"}}, {"model": "GestionDePracticas.practicaservicio", "pk": 12, "fields": {"practica": 5, "servicio": 2, "cantidad": 1, "precio": "500.00"}}, {"model": "GestionDePracticas.practicaservicio", "pk": 13, "fields": {"practica": 5, "servicio": 1, "cantidad": 1, "precio": "1000.00"}}, {"model": "GestionDePracticas.practicaservicio", "pk": 14, "fields": {"practica": 6, "servicio": 2, "cantidad": 4, "precio": "500.00"}}, {"model": "GestionDePracticas.practicaservicio", "pk": 15, "fields": {"practica": 7, "servicio": 2, "cantidad": 4, "precio": "500.00"}}, {"model": "GestionDePracticas.practicaservicio", "pk": 16, "fields": {"practica": 8, "servicio": 4, "cantidad": 2, "precio": "400.00"}}, {"model": "GestionDePracticas.practicaservicio", "pk": 17, "fields": {"practica": 8, "servicio": 1, "cantidad": 1, "precio": "1000.00"}}, {"model": "GestionDePracticas.practicaservicio", "pk": 18, "fields": {"practica": 9, "servicio": 4, "cantidad": 1, "precio": "400.00"}}, {"model": "GestionDePracticas.practicaservicio", "pk": 19, "fields": {"practica": 10, "servicio": 4, "cantidad": 1, "precio": "400.00"}}, {"model": "GestionDePracticas.practicaproducto", "pk": 1, "fields": {"practica": 1, "producto": 2, "cantidad": 1, "precio": "80.00"}}, {"model": "GestionDePracticas.practicaproducto", "pk": 2, "fields": {"practica": 1, "producto": 8, "cantidad": 8, "precio": "15.00"}}, {"model": "GestionDePracticas.practicaproducto", "pk": 3, "fields": {"practica": 1, "producto": 5, "cantidad": 1, "precio": "20.00"}}, {"model": "GestionDePracticas.practicaproducto", "pk": 4, "fields": {"practica": 1, "producto": 9, "cantidad": 3, "precio": "5.00"}}, {"model": "GestionDePracticas.practicaproducto", "pk": 5, "fields": {"practica": 1, "producto": 6, "cantidad": 11, "precio": "5.00"}}, {"model": "GestionDePracticas.practicaproducto", "pk": 6, "fields": {"practica": 1, "producto": 1, "cantidad": 1, "precio": "70.00"}}, {"model": "GestionDePracticas.practicaproducto", "pk": 7, "fields": {"practica": 2, "producto": 8, "cantidad": 6, "precio": "15.00"}}, {"model": "GestionDePracticas.practicaproducto", "pk": 8, "fields": {"practica": 2, "producto": 9, "cantidad": 3, "precio": "5.00"}}, {"model": "GestionDePracticas.practicaproducto", "pk": 9, "fields": {"practica": 2, "producto": 6, "cantidad": 3, "precio": "5.00"}}, {"model": "GestionDePracticas.practicaproducto", "pk": 10, "fields": {"practica": 3, "producto": 2, "cantidad": 1, "precio": "80.00"}}, {"model": "GestionDePracticas.practicaproducto", "pk": 11, "fields": {"practica": 3, "producto": 8, "cantidad": 12, "precio": "15.00"}}, {"model": "GestionDePracticas.practicaproducto", "pk": 12, "fields": {"practica": 3, "producto": 5, "cantidad": 1, "precio": "20.00"}}, {"model": "GestionDePracticas.practicaproducto", "pk": 13, "fields": {"practica": 3, "producto": 9, "cantidad": 5, "precio": "5.00"}}, {"model": "GestionDePracticas.practicaproducto", "pk": 14, "fields": {"practica": 3, "producto": 6, "cantidad": 25, "precio": "5.00"}}, {"model": "GestionDePracticas.practicaproducto", "pk": 15, "fields": {"practica": 3, "producto": 1, "cantidad": 1, "precio": "70.00"}}, {"model": "GestionDePracticas.practicaproducto", "pk": 16, "fields": {"practica": 4, "producto": 2, "cantidad": 3, "precio": "80.00"}}, {"model": "GestionDePracticas.practicaproducto", "pk": 17, "fields": {"practica": 4, "producto": 8, "cantidad": 28, "precio": "15.00"}}, {"model": "GestionDePracticas.practicaproducto", "pk": 18, "fields": {"practica": 4, "producto": 5, "cantidad": 3, "precio": "20.00"}}, {"model": "GestionDePracticas.practicaproducto", "pk": 19, "fields": {"practica": 4, "producto": 9, "cantidad": 11, "precio": "5.00"}}, {"model": "GestionDePracticas.practicaproducto", "pk": 20, "fields": {"practica": 4, "producto": 6, "cantidad": 47, "precio": "5.00"}}, {"model": "GestionDePracticas.practicaproducto", "pk": 21, "fields": {"practica": 4, "producto": 1, "cantidad": 3, "precio": "70.00"}}, {"model": "GestionDePracticas.practicaproducto", "pk": 22, "fields": {"practica": 5, "producto": 7, "cantidad": 41, "precio": "100.00"}}, {"model": "GestionDePracticas.practicaproducto", "pk": 23, "fields": {"practica": 5, "producto": 2, "cantidad": 20, "precio": "80.00"}}, {"model": "GestionDePracticas.practicaproducto", "pk": 24, "fields": {"practica": 5, "producto": 8, "cantidad": 8, "precio": "15.00"}}, {"model": "GestionDePracticas.practicaproducto", "pk": 25, "fields": {"practica": 5, "producto": 5, "cantidad": 6, "precio": "20.00"}}, {"model": "GestionDePracticas.practicaproducto", "pk": 26, "fields": {"practica": 5, "producto": 9, "cantidad": 6, "precio": "5.00"}}, {"model": "GestionDePracticas.practicaproducto", "pk": 27, "fields": {"practica": 5, "producto": 3, "cantidad": 2, "precio": "250.00"}}, {"model": "GestionDePracticas.practicaproducto", "pk": 28, "fields": {"practica": 5, "producto": 4, "cantidad": 4, "precio": "350.00"}}, {"model": "GestionDePracticas.practicaproducto", "pk": 29, "fields": {"practica": 5, "producto": 6, "cantidad": 62, "precio": "5.00"}}, {"model": "GestionDePracticas.practicaproducto", "pk": 30, "fields": {"practica": 6, "producto": 8, "cantidad": 16, "precio": "15.00"}}, {"model": "GestionDePracticas.practicaproducto", "pk": 31, "fields": {"practica": 6, "producto": 5, "cantidad": 12, "precio": "20.00"}}, {"model": "GestionDePracticas.practicaproducto", "pk": 32, "fields": {"practica": 6, "producto": 6, "cantidad": 200, "precio": "5.00"}}, {"model": "GestionDePracticas.practicaproducto", "pk": 33, "fields": {"practica": 7, "producto": 8, "cantidad": 16, "precio": "15.00"}}, {"model": "GestionDePracticas.practicaproducto", "pk": 34, "fields": {"practica": 7, "producto": 5, "cantidad": 12, "precio": "20.00"}}, {"model": "GestionDePracticas.practicaproducto", "pk": 35, "fields": {"practica": 7, "producto": 6, "cantidad": 200, "precio": "5.00"}}, {"model": "GestionDePracticas.practicaproducto", "pk": 36, "fields": {"practica": 8, "producto": 7, "cantidad": 1, "precio": "100.00"}}, {"model": "GestionDePracticas.practicaproducto", "pk": 37, "fields": {"practica": 8, "producto": 8, "cantidad": 8, "precio": "15.00"}}, {"model": "GestionDePracticas.practicaproducto", "pk": 38, "fields": {"practica": 8, "producto": 5, "cantidad": 2, "precio": "20.00"}}, {"model": "GestionDePracticas.practicaproducto", "pk": 39, "fields": {"practica": 8, "producto": 9, "cantidad": 4, "precio": "5.00"}}, {"model": "GestionDePracticas.practicaproducto", "pk": 40, "fields": {"practica": 8, "producto": 6, "cantidad": 20, "precio": "5.00"}}, {"model": "GestionDePracticas.practicaproducto", "pk": 41, "fields": {"practica": 9, "producto": 8, "cantidad": 4, "precio": "15.00"}}, {"model": "GestionDePracticas.practicaproducto", "pk": 42, "fields": {"practica": 9, "producto": 5, "cantidad": 1, "precio": "20.00"}}, {"model": "GestionDePracticas.practicaproducto", "pk": 43, "fields": {"practica": 9, "producto": 9, "cantidad": 2, "precio": "5.00"}}, {"model": "GestionDePracticas.practicaproducto", "pk": 44, "fields": {"practica": 9, "producto": 6, "cantidad": 10, "precio": "5.00"}}, {"model": "GestionDePracticas.practicaproducto", "pk": 45, "fields": {"practica": 10, "producto": 8, "cantidad": 4, "precio": "15.00"}}, {"model": "GestionDePracticas.practicaproducto", "pk": 46, "fields": {"practica": 10, "producto": 5, "cantidad": 1, "precio": "20.00"}}, {"model": "GestionDePracticas.practicaproducto", "pk": 47, "fields": {"practica": 10, "producto": 9, "cantidad": 2, "precio": "5.00"}}, {"model": "GestionDePracticas.practicaproducto", "pk": 48, "fields": {"practica": 10, "producto": 6, "cantidad": 10, "precio": "5.00"}}, {"model": "GestionDePracticas.estado", "pk": 1, "fields": {"marca": "2019-03-01T21:56:13.589Z", "practica": 1, "tipo": 1, "usuario": null}}, {"model": "GestionDePracticas.estado", "pk": 2, "fields": {"marca": "2019-03-01T21:56:13.605Z", "practica": 1, "tipo": 3, "usuario": null}}, {"model": "GestionDePracticas.estado", "pk": 3, "fields": {"marca": "2019-03-01T21:56:57.727Z", "practica": 1, "tipo": 5, "usuario": null}}, {"model": "GestionDePracticas.estado", "pk": 4, "fields": {"marca": "2019-03-01T21:57:21.083Z", "practica": 2, "tipo": 1, "usuario": null}}, {"model": "GestionDePracticas.estado", "pk": 5, "fields": {"marca": "2019-03-01T21:57:21.097Z", "practica": 2, "tipo": 3, "usuario": null}}, {"model": "GestionDePracticas.estado", "pk": 6, "fields": {"marca": "2019-03-01T21:57:44.986Z", "practica": 3, "tipo": 1, "usuario": null}}, {"model": "GestionDePracticas.estado", "pk": 7, "fields": {"marca": "2019-03-01T21:57:45.001Z", "practica": 3, "tipo": 3, "usuario": null}}, {"model": "GestionDePracticas.estado", "pk": 8, "fields": {"marca": "2019-03-01T21:57:50.296Z", "practica": 3, "tipo": 5, "usuario": null}}, {"model": "GestionDePracticas.estado", "pk": 9, "fields": {"marca": "2019-03-01T21:58:27.009Z", "practica": 4, "tipo": 1, "usuario": null}}, {"model": "GestionDePracticas.estado", "pk": 10, "fields": {"marca": "2019-03-01T21:58:27.022Z", "practica": 4, "tipo": 3, "usuario": null}}, {"model": "GestionDePracticas.estado", "pk": 11, "fields": {"marca": "2019-03-01T21:58:31.749Z", "practica": 4, "tipo": 5, "usuario": null}}, {"model": "GestionDePracticas.estado", "pk": 12, "fields": {"marca": "2019-03-01T21:58:55.167Z", "practica": 5, "tipo": 1, "usuario": null}}, {"model": "GestionDePracticas.estado", "pk": 13, "fields": {"marca": "2019-03-01T21:58:55.181Z", "practica": 5, "tipo": 3, "usuario": null}}, {"model": "GestionDePracticas.estado", "pk": 14, "fields": {"marca": "2019-03-01T21:59:10.079Z", "practica": 6, "tipo": 1, "usuario": null}}, {"model": "GestionDePracticas.estado", "pk": 15, "fields": {"marca": "2019-03-01T21:59:10.089Z", "practica": 6, "tipo": 3, "usuario": null}}, {"model": "GestionDePracticas.estado", "pk": 16, "fields": {"marca": "2019-03-01T21:59:28.378Z", "practica": 7, "tipo": 1, "usuario": null}}, {"model": "GestionDePracticas.estado", "pk": 17, "fields": {"marca": "2019-03-01T21:59:28.386Z", "practica": 7, "tipo": 2, "usuario": null}}, {"model": "GestionDePracticas.estado", "pk": 18, "fields": {"marca": "2019-03-01T21:59:45.887Z", "practica": 7, "tipo": 5, "usuario": null}}, {"model": "GestionDePracticas.estado", "pk": 19, "fields": {"marca": "2019-03-01T22:00:01.809Z", "practica": 8, "tipo": 1, "usuario": null}}, {"model": "GestionDePracticas.estado", "pk": 20, "fields": {"marca": "2019-03-01T22:00:01.821Z", "practica": 8, "tipo": 2, "usuario": null}}, {"model": "GestionDePracticas.estado", "pk": 21, "fields": {"marca": "2019-03-01T22:00:07.425Z", "practica": 8, "tipo": 5, "usuario": null}}, {"model": "GestionDePracticas.estado", "pk": 22, "fields": {"marca": "2019-03-01T22:00:43.798Z", "practica": 9, "tipo": 1, "usuario": null}}, {"model": "GestionDePracticas.estado", "pk": 23, "fields": {"marca": "2019-03-01T22:00:43.808Z", "practica": 9, "tipo": 3, "usuario": null}}, {"model": "GestionDePracticas.estado", "pk": 24, "fields": {"marca": "2019-03-01T22:00:53.940Z", "practica": 9, "tipo": 4, "usuario": null}}, {"model": "GestionDePracticas.estado", "pk": 25, "fields": {"marca": "2019-03-01T22:01:08.425Z", "practica": 10, "tipo": 1, "usuario": null}}, {"model": "GestionDePracticas.estado", "pk": 26, "fields": {"marca": "2019-03-01T22:01:08.439Z", "practica": 10, "tipo": 2, "usuario": null}}, {"model": "GestionDePracticas.estado", "pk": 27, "fields": {"marca": "2019-03-01T22:01:13.072Z", "practica": 10, "tipo": 5, "usuario": null}}, {"model": "GestionDePracticas.creada", "pk": 1, "fields": {}}, {"model": "GestionDePracticas.creada", "pk": 4, "fields": {}}, {"model": "GestionDePracticas.creada", "pk": 6, "fields": {}}, {"model": "GestionDePracticas.creada", "pk": 9, "fields": {}}, {"model": "GestionDePracticas.creada", "pk": 12, "fields": {}}, {"model": "GestionDePracticas.creada", "pk": 14, "fields": {}}, {"model": "GestionDePracticas.creada", "pk": 16, "fields": {}}, {"model": "GestionDePracticas.creada", "pk": 19, "fields": {}}, {"model": "GestionDePracticas.creada", "pk": 22, "fields": {}}, {"model": "GestionDePracticas.creada", "pk": 25, "fields": {}}, {"model": "GestionDePracticas.programada", "pk": 17, "fields": {"inicio": "2019-03-01T22:00:00Z", "finalizacion": "2019-03-01T23:00:00Z", "motivoReprogramacion": ""}}, {"model": "GestionDePracticas.programada", "pk": 20, "fields": {"inicio": "2019-03-01T23:00:00Z", "finalizacion": "2019-03-02T00:00:00Z", "motivoReprogramacion": ""}}, {"model": "GestionDePracticas.programada", "pk": 26, "fields": {"inicio": "2019-03-01T23:00:00Z", "finalizacion": "2019-03-02T00:00:00Z", "motivoReprogramacion": ""}}, {"model": "GestionDePracticas.presupuestada", "pk": 2, "fields": {"diasMantenimiento": 7}}, {"model": "GestionDePracticas.presupuestada", "pk": 5, "fields": {"diasMantenimiento": 7}}, {"model": "GestionDePracticas.presupuestada", "pk": 7, "fields": {"diasMantenimiento": 7}}, {"model": "GestionDePracticas.presupuestada", "pk": 10, "fields": {"diasMantenimiento": 7}}, {"model": "GestionDePracticas.presupuestada", "pk": 13, "fields": {"diasMantenimiento": 7}}, {"model": "GestionDePracticas.presupuestada", "pk": 15, "fields": {"diasMantenimiento": 7}}, {"model": "GestionDePracticas.presupuestada", "pk": 23, "fields": {"diasMantenimiento": 7}}, {"model": "GestionDePracticas.realizada", "pk": 3, "fields": {"inicio": "2019-03-01T23:56:00Z", "finalizacion": "2019-03-02T00:56:00Z", "condicionPreviaMascota": "Con pelo largo, u\u00f1as largas y sin vacunas.", "resultados": "Parvo puesta. Aseado."}}, {"model": "GestionDePracticas.realizada", "pk": 8, "fields": {"inicio": "2019-03-01T23:57:00Z", "finalizacion": "2019-03-02T00:57:00Z", "condicionPreviaMascota": "", "resultados": ""}}, {"model": "GestionDePracticas.realizada", "pk": 11, "fields": {"inicio": "2019-03-01T23:58:00Z", "finalizacion": "2019-03-02T00:58:00Z", "condicionPreviaMascota": "", "resultados": ""}}, {"model": "GestionDePracticas.realizada", "pk": 18, "fields": {"inicio": "2019-03-01T22:00:00Z", "finalizacion": "2019-03-01T23:00:00Z", "condicionPreviaMascota": "Caballo sin herraduras.", "resultados": "Caballo con todas las herraduras nuevas colocadas."}}, {"model": "GestionDePracticas.realizada", "pk": 21, "fields": {"inicio": "2019-03-01T23:00:00Z", "finalizacion": "2019-03-02T00:00:00Z", "condicionPreviaMascota": "", "resultados": ""}}, {"model": "GestionDePracticas.realizada", "pk": 27, "fields": {"inicio": "2019-03-01T23:00:00Z", "finalizacion": "2019-03-02T00:00:00Z", "condicionPreviaMascota": "", "resultados": ""}}, {"model": "GestionDePracticas.realizadaservicio", "pk": 1, "fields": {"realizada": 3, "servicio": 5, "cantidad": 1, "precio": "250.00", "observaciones": ""}}, {"model": "GestionDePracticas.realizadaservicio", "pk": 2, "fields": {"realizada": 3, "servicio": 8, "cantidad": 2, "precio": "200.00", "observaciones": ""}}, {"model": "GestionDePracticas.realizadaservicio", "pk": 3, "fields": {"realizada": 3, "servicio": 10, "cantidad": 1, "precio": "200.00", "observaciones": ""}}, {"model": "GestionDePracticas.realizadaservicio", "pk": 4, "fields": {"realizada": 8, "servicio": 5, "cantidad": 1, "precio": "250.00", "observaciones": ""}}, {"model": "GestionDePracticas.realizadaservicio", "pk": 5, "fields": {"realizada": 8, "servicio": 8, "cantidad": 5, "precio": "200.00", "observaciones": ""}}, {"model": "GestionDePracticas.realizadaservicio", "pk": 6, "fields": {"realizada": 11, "servicio": 5, "cantidad": 3, "precio": "250.00", "observaciones": ""}}, {"model": "GestionDePracticas.realizadaservicio", "pk": 7, "fields": {"realizada": 11, "servicio": 8, "cantidad": 9, "precio": "200.00", "observaciones": ""}}, {"model": "GestionDePracticas.realizadaservicio", "pk": 8, "fields": {"realizada": 11, "servicio": 10, "cantidad": 2, "precio": "200.00", "observaciones": ""}}, {"model": "GestionDePracticas.realizadaservicio", "pk": 9, "fields": {"realizada": 18, "servicio": 2, "cantidad": 4, "precio": "500.00", "observaciones": ""}}, {"model": "GestionDePracticas.realizadaservicio", "pk": 10, "fields": {"realizada": 21, "servicio": 1, "cantidad": 1, "precio": "1000.00", "observaciones": ""}}, {"model": "GestionDePracticas.realizadaservicio", "pk": 11, "fields": {"realizada": 21, "servicio": 4, "cantidad": 2, "precio": "400.00", "observaciones": ""}}, {"model": "GestionDePracticas.realizadaservicio", "pk": 12, "fields": {"realizada": 27, "servicio": 4, "cantidad": 1, "precio": "400.00", "observaciones": "Se castr\u00f3 el animal."}}, {"model": "GestionDePracticas.realizadaservicio", "pk": 13, "fields": {"realizada": 27, "servicio": 10, "cantidad": 1, "precio": "200.00", "observaciones": "Se le cortaron las pesu\u00f1as al animal."}}, {"model": "GestionDePracticas.realizadaproducto", "pk": 1, "fields": {"realizada": 3, "producto": 1, "cantidad": 1, "precio": "70.00"}}, {"model": "GestionDePracticas.realizadaproducto", "pk": 2, "fields": {"realizada": 3, "producto": 2, "cantidad": 1, "precio": "80.00"}}, {"model": "GestionDePracticas.realizadaproducto", "pk": 3, "fields": {"realizada": 3, "producto": 5, "cantidad": 1, "precio": "20.00"}}, {"model": "GestionDePracticas.realizadaproducto", "pk": 4, "fields": {"realizada": 3, "producto": 6, "cantidad": 11, "precio": "5.00"}}, {"model": "GestionDePracticas.realizadaproducto", "pk": 5, "fields": {"realizada": 3, "producto": 8, "cantidad": 8, "precio": "15.00"}}, {"model": "GestionDePracticas.realizadaproducto", "pk": 6, "fields": {"realizada": 3, "producto": 9, "cantidad": 3, "precio": "5.00"}}, {"model": "GestionDePracticas.realizadaproducto", "pk": 7, "fields": {"realizada": 8, "producto": 1, "cantidad": 1, "precio": "70.00"}}, {"model": "GestionDePracticas.realizadaproducto", "pk": 8, "fields": {"realizada": 8, "producto": 2, "cantidad": 1, "precio": "80.00"}}, {"model": "GestionDePracticas.realizadaproducto", "pk": 9, "fields": {"realizada": 8, "producto": 5, "cantidad": 1, "precio": "20.00"}}, {"model": "GestionDePracticas.realizadaproducto", "pk": 10, "fields": {"realizada": 8, "producto": 6, "cantidad": 25, "precio": "5.00"}}, {"model": "GestionDePracticas.realizadaproducto", "pk": 11, "fields": {"realizada": 8, "producto": 8, "cantidad": 12, "precio": "15.00"}}, {"model": "GestionDePracticas.realizadaproducto", "pk": 12, "fields": {"realizada": 8, "producto": 9, "cantidad": 5, "precio": "5.00"}}, {"model": "GestionDePracticas.realizadaproducto", "pk": 13, "fields": {"realizada": 11, "producto": 1, "cantidad": 3, "precio": "70.00"}}, {"model": "GestionDePracticas.realizadaproducto", "pk": 14, "fields": {"realizada": 11, "producto": 2, "cantidad": 3, "precio": "80.00"}}, {"model": "GestionDePracticas.realizadaproducto", "pk": 15, "fields": {"realizada": 11, "producto": 5, "cantidad": 3, "precio": "20.00"}}, {"model": "GestionDePracticas.realizadaproducto", "pk": 16, "fields": {"realizada": 11, "producto": 6, "cantidad": 47, "precio": "5.00"}}, {"model": "GestionDePracticas.realizadaproducto", "pk": 17, "fields": {"realizada": 11, "producto": 8, "cantidad": 28, "precio": "15.00"}}, {"model": "GestionDePracticas.realizadaproducto", "pk": 18, "fields": {"realizada": 11, "producto": 9, "cantidad": 11, "precio": "5.00"}}, {"model": "GestionDePracticas.realizadaproducto", "pk": 19, "fields": {"realizada": 18, "producto": 5, "cantidad": 12, "precio": "20.00"}}, {"model": "GestionDePracticas.realizadaproducto", "pk": 20, "fields": {"realizada": 18, "producto": 6, "cantidad": 200, "precio": "5.00"}}, {"model": "GestionDePracticas.realizadaproducto", "pk": 21, "fields": {"realizada": 18, "producto": 8, "cantidad": 16, "precio": "15.00"}}, {"model": "GestionDePracticas.realizadaproducto", "pk": 22, "fields": {"realizada": 21, "producto": 5, "cantidad": 2, "precio": "20.00"}}, {"model": "GestionDePracticas.realizadaproducto", "pk": 23, "fields": {"realizada": 21, "producto": 6, "cantidad": 20, "precio": "5.00"}}, {"model": "GestionDePracticas.realizadaproducto", "pk": 24, "fields": {"realizada": 21, "producto": 7, "cantidad": 1, "precio": "100.00"}}, {"model": "GestionDePracticas.realizadaproducto", "pk": 25, "fields": {"realizada": 21, "producto": 8, "cantidad": 8, "precio": "15.00"}}, {"model": "GestionDePracticas.realizadaproducto", "pk": 26, "fields": {"realizada": 21, "producto": 9, "cantidad": 4, "precio": "5.00"}}, {"model": "GestionDePracticas.realizadaproducto", "pk": 27, "fields": {"realizada": 21, "producto": 3, "cantidad": 2, "precio": "250.00"}}, {"model": "GestionDePracticas.realizadaproducto", "pk": 28, "fields": {"realizada": 21, "producto": 1, "cantidad": 5, "precio": "70.00"}}, {"model": "GestionDePracticas.realizadaproducto", "pk": 29, "fields": {"realizada": 27, "producto": 5, "cantidad": 1, "precio": "20.00"}}, {"model": "GestionDePracticas.realizadaproducto", "pk": 30, "fields": {"realizada": 27, "producto": 6, "cantidad": 10, "precio": "5.00"}}, {"model": "GestionDePracticas.realizadaproducto", "pk": 31, "fields": {"realizada": 27, "producto": 8, "cantidad": 4, "precio": "15.00"}}, {"model": "GestionDePracticas.realizadaproducto", "pk": 32, "fields": {"realizada": 27, "producto": 9, "cantidad": 2, "precio": "5.00"}}, {"model": "GestionDePracticas.cancelada", "pk": 24, "fields": {"motivo": "No tiene perro."}}]