[{"model": "GestionDePracticas.practica", "pk": 2, "fields": {"tipo": "Q", "precio": "2200.00", "cliente": 18, "mascota": 20, "tipoDeAtencion": 1, "adelanto": null}}, {"model": "GestionDePracticas.practica", "pk": 3, "fields": {"tipo": "Q", "precio": "4449.50", "cliente": 18, "mascota": 20, "tipoDeAtencion": 8, "adelanto": null}}, {"model": "GestionDePracticas.practica", "pk": 4, "fields": {"tipo": "Q", "precio": "6130.00", "cliente": 18, "mascota": 20, "tipoDeAtencion": 9, "adelanto": null}}, {"model": "GestionDePracticas.practica", "pk": 5, "fields": {"tipo": "Q", "precio": "0.00", "cliente": 20, "mascota": 21, "tipoDeAtencion": 2, "adelanto": 5}}, {"model": "GestionDePracticas.practica", "pk": 6, "fields": {"tipo": "Q", "precio": "0.00", "cliente": 13, "mascota": 22, "tipoDeAtencion": 9, "adelanto": 1}}, {"model": "GestionDePracticas.practica", "pk": 7, "fields": {"tipo": "Q", "precio": "1000.50", "cliente": 8, "mascota": 16, "tipoDeAtencion": 2, "adelanto": 2}}, {"model": "GestionDePracticas.practica", "pk": 8, "fields": {"tipo": "Q", "precio": "13955.25", "cliente": 5, "mascota": 25, "tipoDeAtencion": 2, "adelanto": null}}, {"model": "GestionDePracticas.practica", "pk": 9, "fields": {"tipo": "Q", "precio": "1150.00", "cliente": 20, "mascota": 21, "tipoDeAtencion": 2, "adelanto": 3}}, {"model": "GestionDePracticas.practica", "pk": 10, "fields": {"tipo": "Q", "precio": "2085.00", "cliente": 8, "mascota": 16, "tipoDeAtencion": 10, "adelanto": null}}, {"model": "GestionDePracticas.practica", "pk": 11, "fields": {"tipo": "Q", "precio": "0.00", "cliente": 21, "mascota": 23, "tipoDeAtencion": 9, "adelanto": 4}}, {"model": "GestionDePracticas.practica", "pk": 12, "fields": {"tipo": "Q", "precio": "0.00", "cliente": 20, "mascota": 21, "tipoDeAtencion": 2, "adelanto": null}}, {"model": "GestionDePracticas.practica", "pk": 13, "fields": {"tipo": "Q", "precio": "4045.00", "cliente": 14, "mascota": 18, "tipoDeAtencion": 9, "adelanto": null}}, {"model": "GestionDePracticas.practica", "pk": 14, "fields": {"tipo": "Q", "precio": "4045.00", "cliente": 20, "mascota": 21, "tipoDeAtencion": 9, "adelanto": 6}}, {"model": "GestionDePracticas.practica", "pk": 15, "fields": {"tipo": "C", "precio": "0.00", "cliente": 10, "mascota": 17, "tipoDeAtencion": 1, "adelanto": null}}, {"model": "GestionDePracticas.practica", "pk": 16, "fields": {"tipo": "C", "precio": "5400.00", "cliente": 10, "mascota": 17, "tipoDeAtencion": 10, "adelanto": null}}, {"model": "GestionDePracticas.practica", "pk": 17, "fields": {"tipo": "C", "precio": "17640.00", "cliente": 16, "mascota": 14, "tipoDeAtencion": 3, "adelanto": null}}, {"model": "GestionDePracticas.practica", "pk": 18, "fields": {"tipo": "C", "precio": "2089.50", "cliente": 18, "mascota": 20, "tipoDeAtencion": 7, "adelanto": null}}, {"model": "GestionDePracticas.practica", "pk": 19, "fields": {"tipo": "C", "precio": "5190.00", "cliente": 13, "mascota": 22, "tipoDeAtencion": 10, "adelanto": null}}, {"model": "GestionDePracticas.practica", "pk": 23, "fields": {"tipo": "C", "precio": "12413.50", "cliente": 15, "mascota": 7, "tipoDeAtencion": 1, "adelanto": null}}, {"model": "GestionDePracticas.practica", "pk": 24, "fields": {"tipo": "C", "precio": "1350.00", "cliente": 10, "mascota": 17, "tipoDeAtencion": 10, "adelanto": null}}, {"model": "GestionDePracticas.practica", "pk": 26, "fields": {"tipo": "C", "precio": "13545.00", "cliente": 7, "mascota": 5, "tipoDeAtencion": 5, "adelanto": null}}, {"model": "GestionDePracticas.practica", "pk": 27, "fields": {"tipo": "C", "precio": "240.00", "cliente": 3, "mascota": 24, "tipoDeAtencion": 9, "adelanto": null}}, {"model": "GestionDePracticas.practica", "pk": 28, "fields": {"tipo": "C", "precio": "0.00", "cliente": 18, "mascota": null, "tipoDeAtencion": 3, "adelanto": null}}, {"model": "GestionDePracticas.practica", "pk": 29, "fields": {"tipo": "C", "precio": "286.00", "cliente": 19, "mascota": 15, "tipoDeAtencion": 1, "adelanto": null}}, {"model": "GestionDePracticas.practica", "pk": 30, "fields": {"tipo": "C", "precio": "276.00", "cliente": 18, "mascota": 20, "tipoDeAtencion": 2, "adelanto": null}}, {"model": "GestionDePracticas.practica", "pk": 31, "fields": {"tipo": "C", "precio": "0.00", "cliente": 20, "mascota": 21, "tipoDeAtencion": 10, "adelanto": null}}, {"model": "GestionDePracticas.practica", "pk": 32, "fields": {"tipo": "Q", "precio": "5785.00", "cliente": 18, "mascota": 20, "tipoDeAtencion": 4, "adelanto": null}}, {"model": "GestionDePracticas.practica", "pk": 36, "fields": {"tipo": "Q", "precio": "13249.50", "cliente": 22, "mascota": 26, "tipoDeAtencion": 1, "adelanto": null}}, {"model": "GestionDePracticas.practica", "pk": 37, "fields": {"tipo": "Q", "precio": "1000.00", "cliente": 13, "mascota": 22, "tipoDeAtencion": 3, "adelanto": 7}}, {"model": "GestionDePracticas.practica", "pk": 38, "fields": {"tipo": "Q", "precio": "0.00", "cliente": 14, "mascota": 18, "tipoDeAtencion": 3, "adelanto": 8}}, {"model": "GestionDePracticas.practica", "pk": 39, "fields": {"tipo": "Q", "precio": "3450.00", "cliente": 20, "mascota": 21, "tipoDeAtencion": 2, "adelanto": 9}}, {"model": "GestionDePracticas.practica", "pk": 40, "fields": {"tipo": "Q", "precio": "0.00", "cliente": 14, "mascota": 18, "tipoDeAtencion": 9, "adelanto": 10}}, {"model": "GestionDePracticas.practica", "pk": 41, "fields": {"tipo": "Q", "precio": "3181.50", "cliente": 11, "mascota": 9, "tipoDeAtencion": 5, "adelanto": 11}}, {"model": "GestionDePracticas.adelanto", "pk": 1, "fields": {"importe": "150.00", "turno": 13}}, {"model": "GestionDePracticas.adelanto", "pk": 2, "fields": {"importe": "150.00", "turno": 16}}, {"model": "GestionDePracticas.adelanto", "pk": 3, "fields": {"importe": "172.00", "turno": 26}}, {"model": "GestionDePracticas.adelanto", "pk": 4, "fields": {"importe": "300.00", "turno": 32}}, {"model": "GestionDePracticas.adelanto", "pk": 5, "fields": {"importe": "697.00", "turno": 39}}, {"model": "GestionDePracticas.adelanto", "pk": 6, "fields": {"importe": "606.00", "turno": 43}}, {"model": "GestionDePracticas.adelanto", "pk": 7, "fields": {"importe": "1000.00", "turno": 97}}, {"model": "GestionDePracticas.adelanto", "pk": 8, "fields": {"importe": "0.00", "turno": 101}}, {"model": "GestionDePracticas.adelanto", "pk": 9, "fields": {"importe": "517.00", "turno": 103}}, {"model": "GestionDePracticas.adelanto", "pk": 10, "fields": {"importe": "606.00", "turno": 106}}, {"model": "GestionDePracticas.adelanto", "pk": 11, "fields": {"importe": "2098.00", "turno": 108}}, {"model": "GestionDePracticas.practicaservicio", "pk": 2, "fields": {"practica": 2, "servicio": 1, "cantidad": 2, "precio": "1000.00"}}, {"model": "GestionDePracticas.practicaservicio", "pk": 3, "fields": {"practica": 3, "servicio": 13, "cantidad": 1, "precio": "4000.00"}}, {"model": "GestionDePracticas.practicaservicio", "pk": 4, "fields": {"practica": 4, "servicio": 3, "cantidad": 1, "precio": "300.00"}}, {"model": "GestionDePracticas.practicaservicio", "pk": 5, "fields": {"practica": 4, "servicio": 13, "cantidad": 1, "precio": "4000.00"}}, {"model": "GestionDePracticas.practicaservicio", "pk": 6, "fields": {"practica": 5, "servicio": 13, "cantidad": 1, "precio": "4000.00"}}, {"model": "GestionDePracticas.practicaservicio", "pk": 7, "fields": {"practica": 6, "servicio": 1, "cantidad": 1, "precio": "1000.00"}}, {"model": "GestionDePracticas.practicaservicio", "pk": 8, "fields": {"practica": 7, "servicio": 2, "cantidad": 1, "precio": "500.00"}}, {"model": "GestionDePracticas.practicaservicio", "pk": 9, "fields": {"practica": 8, "servicio": 13, "cantidad": 3, "precio": "4000.00"}}, {"model": "GestionDePracticas.practicaservicio", "pk": 10, "fields": {"practica": 9, "servicio": 1, "cantidad": 1, "precio": "1000.00"}}, {"model": "GestionDePracticas.practicaservicio", "pk": 11, "fields": {"practica": 10, "servicio": 3, "cantidad": 1, "precio": "300.00"}}, {"model": "GestionDePracticas.practicaservicio", "pk": 12, "fields": {"practica": 11, "servicio": 1, "cantidad": 2, "precio": "1000.00"}}, {"model": "GestionDePracticas.practicaservicio", "pk": 13, "fields": {"practica": 12, "servicio": 13, "cantidad": 1, "precio": "4000.00"}}, {"model": "GestionDePracticas.practicaservicio", "pk": 14, "fields": {"practica": 13, "servicio": 13, "cantidad": 1, "precio": "4000.00"}}, {"model": "GestionDePracticas.practicaservicio", "pk": 15, "fields": {"practica": 14, "servicio": 13, "cantidad": 1, "precio": "4000.00"}}, {"model": "GestionDePracticas.practicaservicio", "pk": 16, "fields": {"practica": 15, "servicio": 10, "cantidad": 8, "precio": "200.00"}}, {"model": "GestionDePracticas.practicaservicio", "pk": 17, "fields": {"practica": 15, "servicio": 8, "cantidad": 5, "precio": "200.00"}}, {"model": "GestionDePracticas.practicaservicio", "pk": 18, "fields": {"practica": 16, "servicio": 5, "cantidad": 12, "precio": "250.00"}}, {"model": "GestionDePracticas.practicaservicio", "pk": 19, "fields": {"practica": 17, "servicio": 10, "cantidad": 12, "precio": "200.00"}}, {"model": "GestionDePracticas.practicaservicio", "pk": 20, "fields": {"practica": 17, "servicio": 5, "cantidad": 12, "precio": "250.00"}}, {"model": "GestionDePracticas.practicaservicio", "pk": 21, "fields": {"practica": 17, "servicio": 8, "cantidad": 36, "precio": "200.00"}}, {"model": "GestionDePracticas.practicaservicio", "pk": 22, "fields": {"practica": 18, "servicio": 10, "cantidad": 1, "precio": "200.00"}}, {"model": "GestionDePracticas.practicaservicio", "pk": 23, "fields": {"practica": 18, "servicio": 5, "cantidad": 1, "precio": "250.00"}}, {"model": "GestionDePracticas.practicaservicio", "pk": 24, "fields": {"practica": 18, "servicio": 8, "cantidad": 5, "precio": "200.00"}}, {"model": "GestionDePracticas.practicaservicio", "pk": 25, "fields": {"practica": 19, "servicio": 10, "cantidad": 3, "precio": "200.00"}}, {"model": "GestionDePracticas.practicaservicio", "pk": 26, "fields": {"practica": 19, "servicio": 5, "cantidad": 3, "precio": "250.00"}}, {"model": "GestionDePracticas.practicaservicio", "pk": 27, "fields": {"practica": 19, "servicio": 8, "cantidad": 12, "precio": "200.00"}}, {"model": "GestionDePracticas.practicaservicio", "pk": 37, "fields": {"practica": 23, "servicio": 10, "cantidad": 17, "precio": "200.00"}}, {"model": "GestionDePracticas.practicaservicio", "pk": 38, "fields": {"practica": 23, "servicio": 5, "cantidad": 1, "precio": "250.00"}}, {"model": "GestionDePracticas.practicaservicio", "pk": 39, "fields": {"practica": 23, "servicio": 8, "cantidad": 30, "precio": "200.00"}}, {"model": "GestionDePracticas.practicaservicio", "pk": 40, "fields": {"practica": 24, "servicio": 5, "cantidad": 3, "precio": "250.00"}}, {"model": "GestionDePracticas.practicaservicio", "pk": 42, "fields": {"practica": 26, "servicio": 5, "cantidad": 30, "precio": "250.00"}}, {"model": "GestionDePracticas.practicaservicio", "pk": 43, "fields": {"practica": 27, "servicio": 10, "cantidad": 1, "precio": "200.00"}}, {"model": "GestionDePracticas.practicaservicio", "pk": 44, "fields": {"practica": 28, "servicio": 8, "cantidad": 10, "precio": "200.00"}}, {"model": "GestionDePracticas.practicaservicio", "pk": 45, "fields": {"practica": 29, "servicio": 8, "cantidad": 1, "precio": "200.00"}}, {"model": "GestionDePracticas.practicaservicio", "pk": 46, "fields": {"practica": 30, "servicio": 10, "cantidad": 1, "precio": "200.00"}}, {"model": "GestionDePracticas.practicaservicio", "pk": 47, "fields": {"practica": 31, "servicio": 8, "cantidad": 1, "precio": "200.00"}}, {"model": "GestionDePracticas.practicaservicio", "pk": 48, "fields": {"practica": 32, "servicio": 2, "cantidad": 2, "precio": "500.00"}}, {"model": "GestionDePracticas.practicaservicio", "pk": 49, "fields": {"practica": 32, "servicio": 13, "cantidad": 1, "precio": "4000.00"}}, {"model": "GestionDePracticas.practicaservicio", "pk": 53, "fields": {"practica": 36, "servicio": 13, "cantidad": 3, "precio": "4000.00"}}, {"model": "GestionDePracticas.practicaservicio", "pk": 54, "fields": {"practica": 37, "servicio": 1, "cantidad": 1, "precio": "1000.00"}}, {"model": "GestionDePracticas.practicaservicio", "pk": 55, "fields": {"practica": 38, "servicio": 2, "cantidad": 1, "precio": "500.00"}}, {"model": "GestionDePracticas.practicaservicio", "pk": 56, "fields": {"practica": 39, "servicio": 1, "cantidad": 3, "precio": "1000.00"}}, {"model": "GestionDePracticas.practicaservicio", "pk": 57, "fields": {"practica": 40, "servicio": 13, "cantidad": 1, "precio": "4000.00"}}, {"model": "GestionDePracticas.practicaservicio", "pk": 58, "fields": {"practica": 41, "servicio": 1, "cantidad": 2, "precio": "1000.00"}}, {"model": "GestionDePracticas.practicaproducto", "pk": 1, "fields": {"practica": 3, "producto": 8, "cantidad": 2, "precio": "15.00"}}, {"model": "GestionDePracticas.practicaproducto", "pk": 2, "fields": {"practica": 3, "producto": 9, "cantidad": 2, "precio": "5.00"}}, {"model": "GestionDePracticas.practicaproducto", "pk": 3, "fields": {"practica": 3, "producto": 6, "cantidad": 1, "precio": "5.00"}}, {"model": "GestionDePracticas.practicaproducto", "pk": 4, "fields": {"practica": 4, "producto": 2, "cantidad": 10, "precio": "80.00"}}, {"model": "GestionDePracticas.practicaproducto", "pk": 5, "fields": {"practica": 4, "producto": 8, "cantidad": 2, "precio": "15.00"}}, {"model": "GestionDePracticas.practicaproducto", "pk": 6, "fields": {"practica": 4, "producto": 5, "cantidad": 1, "precio": "20.00"}}, {"model": "GestionDePracticas.practicaproducto", "pk": 7, "fields": {"practica": 4, "producto": 9, "cantidad": 4, "precio": "5.00"}}, {"model": "GestionDePracticas.practicaproducto", "pk": 8, "fields": {"practica": 4, "producto": 3, "cantidad": 1, "precio": "250.00"}}, {"model": "GestionDePracticas.practicaproducto", "pk": 9, "fields": {"practica": 4, "producto": 4, "cantidad": 2, "precio": "350.00"}}, {"model": "GestionDePracticas.practicaproducto", "pk": 10, "fields": {"practica": 4, "producto": 6, "cantidad": 2, "precio": "5.00"}}, {"model": "GestionDePracticas.practicaproducto", "pk": 11, "fields": {"practica": 5, "producto": 8, "cantidad": 2, "precio": "15.00"}}, {"model": "GestionDePracticas.practicaproducto", "pk": 12, "fields": {"practica": 5, "producto": 9, "cantidad": 2, "precio": "5.00"}}, {"model": "GestionDePracticas.practicaproducto", "pk": 13, "fields": {"practica": 5, "producto": 6, "cantidad": 1, "precio": "5.00"}}, {"model": "GestionDePracticas.practicaproducto", "pk": 14, "fields": {"practica": 7, "producto": 8, "cantidad": 4, "precio": "15.00"}}, {"model": "GestionDePracticas.practicaproducto", "pk": 15, "fields": {"practica": 7, "producto": 5, "cantidad": 3, "precio": "20.00"}}, {"model": "GestionDePracticas.practicaproducto", "pk": 16, "fields": {"practica": 7, "producto": 6, "cantidad": 50, "precio": "5.00"}}, {"model": "GestionDePracticas.practicaproducto", "pk": 17, "fields": {"practica": 8, "producto": 8, "cantidad": 6, "precio": "15.00"}}, {"model": "GestionDePracticas.practicaproducto", "pk": 18, "fields": {"practica": 8, "producto": 9, "cantidad": 6, "precio": "5.00"}}, {"model": "GestionDePracticas.practicaproducto", "pk": 19, "fields": {"practica": 8, "producto": 6, "cantidad": 3, "precio": "5.00"}}, {"model": "GestionDePracticas.practicaproducto", "pk": 20, "fields": {"practica": 10, "producto": 2, "cantidad": 10, "precio": "80.00"}}, {"model": "GestionDePracticas.practicaproducto", "pk": 21, "fields": {"practica": 10, "producto": 5, "cantidad": 1, "precio": "20.00"}}, {"model": "GestionDePracticas.practicaproducto", "pk": 22, "fields": {"practica": 10, "producto": 9, "cantidad": 2, "precio": "5.00"}}, {"model": "GestionDePracticas.practicaproducto", "pk": 23, "fields": {"practica": 10, "producto": 3, "cantidad": 1, "precio": "250.00"}}, {"model": "GestionDePracticas.practicaproducto", "pk": 24, "fields": {"practica": 10, "producto": 4, "cantidad": 2, "precio": "350.00"}}, {"model": "GestionDePracticas.practicaproducto", "pk": 25, "fields": {"practica": 10, "producto": 6, "cantidad": 1, "precio": "5.00"}}, {"model": "GestionDePracticas.practicaproducto", "pk": 26, "fields": {"practica": 12, "producto": 8, "cantidad": 2, "precio": "15.00"}}, {"model": "GestionDePracticas.practicaproducto", "pk": 27, "fields": {"practica": 12, "producto": 9, "cantidad": 2, "precio": "5.00"}}, {"model": "GestionDePracticas.practicaproducto", "pk": 28, "fields": {"practica": 12, "producto": 6, "cantidad": 1, "precio": "5.00"}}, {"model": "GestionDePracticas.practicaproducto", "pk": 29, "fields": {"practica": 13, "producto": 8, "cantidad": 2, "precio": "15.00"}}, {"model": "GestionDePracticas.practicaproducto", "pk": 30, "fields": {"practica": 13, "producto": 9, "cantidad": 2, "precio": "5.00"}}, {"model": "GestionDePracticas.practicaproducto", "pk": 31, "fields": {"practica": 13, "producto": 6, "cantidad": 1, "precio": "5.00"}}, {"model": "GestionDePracticas.practicaproducto", "pk": 32, "fields": {"practica": 14, "producto": 8, "cantidad": 2, "precio": "15.00"}}, {"model": "GestionDePracticas.practicaproducto", "pk": 33, "fields": {"practica": 14, "producto": 9, "cantidad": 2, "precio": "5.00"}}, {"model": "GestionDePracticas.practicaproducto", "pk": 34, "fields": {"practica": 14, "producto": 6, "cantidad": 1, "precio": "5.00"}}, {"model": "GestionDePracticas.practicaproducto", "pk": 35, "fields": {"practica": 15, "producto": 8, "cantidad": 26, "precio": "15.00"}}, {"model": "GestionDePracticas.practicaproducto", "pk": 36, "fields": {"practica": 15, "producto": 9, "cantidad": 13, "precio": "5.00"}}, {"model": "GestionDePracticas.practicaproducto", "pk": 37, "fields": {"practica": 15, "producto": 6, "cantidad": 33, "precio": "5.00"}}, {"model": "GestionDePracticas.practicaproducto", "pk": 38, "fields": {"practica": 16, "producto": 2, "cantidad": 12, "precio": "80.00"}}, {"model": "GestionDePracticas.practicaproducto", "pk": 39, "fields": {"practica": 16, "producto": 8, "cantidad": 24, "precio": "15.00"}}, {"model": "GestionDePracticas.practicaproducto", "pk": 40, "fields": {"practica": 16, "producto": 5, "cantidad": 12, "precio": "20.00"}}, {"model": "GestionDePracticas.practicaproducto", "pk": 41, "fields": {"practica": 16, "producto": 1, "cantidad": 12, "precio": "70.00"}}, {"model": "GestionDePracticas.practicaproducto", "pk": 42, "fields": {"practica": 17, "producto": 2, "cantidad": 12, "precio": "80.00"}}, {"model": "GestionDePracticas.practicaproducto", "pk": 43, "fields": {"practica": 17, "producto": 8, "cantidad": 120, "precio": "15.00"}}, {"model": "GestionDePracticas.practicaproducto", "pk": 44, "fields": {"practica": 17, "producto": 5, "cantidad": 12, "precio": "20.00"}}, {"model": "GestionDePracticas.practicaproducto", "pk": 45, "fields": {"practica": 17, "producto": 9, "cantidad": 48, "precio": "5.00"}}, {"model": "GestionDePracticas.practicaproducto", "pk": 46, "fields": {"practica": 17, "producto": 6, "cantidad": 192, "precio": "5.00"}}, {"model": "GestionDePracticas.practicaproducto", "pk": 47, "fields": {"practica": 17, "producto": 1, "cantidad": 12, "precio": "70.00"}}, {"model": "GestionDePracticas.practicaproducto", "pk": 48, "fields": {"practica": 18, "producto": 2, "cantidad": 1, "precio": "80.00"}}, {"model": "GestionDePracticas.practicaproducto", "pk": 49, "fields": {"practica": 18, "producto": 8, "cantidad": 14, "precio": "15.00"}}, {"model": "GestionDePracticas.practicaproducto", "pk": 50, "fields": {"practica": 18, "producto": 5, "cantidad": 1, "precio": "20.00"}}, {"model": "GestionDePracticas.practicaproducto", "pk": 51, "fields": {"practica": 18, "producto": 9, "cantidad": 6, "precio": "5.00"}}, {"model": "GestionDePracticas.practicaproducto", "pk": 52, "fields": {"practica": 18, "producto": 6, "cantidad": 26, "precio": "5.00"}}, {"model": "GestionDePracticas.practicaproducto", "pk": 53, "fields": {"practica": 18, "producto": 1, "cantidad": 1, "precio": "70.00"}}, {"model": "GestionDePracticas.practicaproducto", "pk": 54, "fields": {"practica": 19, "producto": 2, "cantidad": 3, "precio": "80.00"}}, {"model": "GestionDePracticas.practicaproducto", "pk": 55, "fields": {"practica": 19, "producto": 8, "cantidad": 36, "precio": "15.00"}}, {"model": "GestionDePracticas.practicaproducto", "pk": 56, "fields": {"practica": 19, "producto": 5, "cantidad": 3, "precio": "20.00"}}, {"model": "GestionDePracticas.practicaproducto", "pk": 57, "fields": {"practica": 19, "producto": 9, "cantidad": 15, "precio": "5.00"}}, {"model": "GestionDePracticas.practicaproducto", "pk": 58, "fields": {"practica": 19, "producto": 6, "cantidad": 63, "precio": "5.00"}}, {"model": "GestionDePracticas.practicaproducto", "pk": 59, "fields": {"practica": 19, "producto": 1, "cantidad": 3, "precio": "70.00"}}, {"model": "GestionDePracticas.practicaproducto", "pk": 77, "fields": {"practica": 23, "producto": 2, "cantidad": 1, "precio": "80.00"}}, {"model": "GestionDePracticas.practicaproducto", "pk": 78, "fields": {"practica": 23, "producto": 8, "cantidad": 96, "precio": "15.00"}}, {"model": "GestionDePracticas.practicaproducto", "pk": 79, "fields": {"practica": 23, "producto": 5, "cantidad": 1, "precio": "20.00"}}, {"model": "GestionDePracticas.practicaproducto", "pk": 80, "fields": {"practica": 23, "producto": 9, "cantidad": 5, "precio": "5.00"}}, {"model": "GestionDePracticas.practicaproducto", "pk": 81, "fields": {"practica": 23, "producto": 1, "cantidad": 1, "precio": "70.00"}}, {"model": "GestionDePracticas.practicaproducto", "pk": 82, "fields": {"practica": 24, "producto": 2, "cantidad": 3, "precio": "80.00"}}, {"model": "GestionDePracticas.practicaproducto", "pk": 83, "fields": {"practica": 24, "producto": 8, "cantidad": 6, "precio": "15.00"}}, {"model": "GestionDePracticas.practicaproducto", "pk": 84, "fields": {"practica": 24, "producto": 5, "cantidad": 3, "precio": "20.00"}}, {"model": "GestionDePracticas.practicaproducto", "pk": 85, "fields": {"practica": 24, "producto": 1, "cantidad": 3, "precio": "70.00"}}, {"model": "GestionDePracticas.practicaproducto", "pk": 90, "fields": {"practica": 26, "producto": 2, "cantidad": 30, "precio": "80.00"}}, {"model": "GestionDePracticas.practicaproducto", "pk": 91, "fields": {"practica": 26, "producto": 8, "cantidad": 60, "precio": "15.00"}}, {"model": "GestionDePracticas.practicaproducto", "pk": 92, "fields": {"practica": 26, "producto": 1, "cantidad": 30, "precio": "70.00"}}, {"model": "GestionDePracticas.practicaproducto", "pk": 93, "fields": {"practica": 27, "producto": 8, "cantidad": 2, "precio": "15.00"}}, {"model": "GestionDePracticas.practicaproducto", "pk": 94, "fields": {"practica": 27, "producto": 9, "cantidad": 1, "precio": "5.00"}}, {"model": "GestionDePracticas.practicaproducto", "pk": 95, "fields": {"practica": 27, "producto": 6, "cantidad": 1, "precio": "5.00"}}, {"model": "GestionDePracticas.practicaproducto", "pk": 96, "fields": {"practica": 28, "producto": 8, "cantidad": 20, "precio": "15.00"}}, {"model": "GestionDePracticas.practicaproducto", "pk": 97, "fields": {"practica": 28, "producto": 9, "cantidad": 10, "precio": "5.00"}}, {"model": "GestionDePracticas.practicaproducto", "pk": 98, "fields": {"practica": 28, "producto": 6, "cantidad": 50, "precio": "5.00"}}, {"model": "GestionDePracticas.practicaproducto", "pk": 99, "fields": {"practica": 29, "producto": 8, "cantidad": 2, "precio": "15.00"}}, {"model": "GestionDePracticas.practicaproducto", "pk": 100, "fields": {"practica": 29, "producto": 9, "cantidad": 1, "precio": "5.00"}}, {"model": "GestionDePracticas.practicaproducto", "pk": 101, "fields": {"practica": 29, "producto": 6, "cantidad": 5, "precio": "5.00"}}, {"model": "GestionDePracticas.practicaproducto", "pk": 102, "fields": {"practica": 30, "producto": 8, "cantidad": 2, "precio": "15.00"}}, {"model": "GestionDePracticas.practicaproducto", "pk": 103, "fields": {"practica": 30, "producto": 9, "cantidad": 1, "precio": "5.00"}}, {"model": "GestionDePracticas.practicaproducto", "pk": 104, "fields": {"practica": 30, "producto": 6, "cantidad": 1, "precio": "5.00"}}, {"model": "GestionDePracticas.practicaproducto", "pk": 105, "fields": {"practica": 31, "producto": 8, "cantidad": 2, "precio": "15.00"}}, {"model": "GestionDePracticas.practicaproducto", "pk": 106, "fields": {"practica": 31, "producto": 9, "cantidad": 1, "precio": "5.00"}}, {"model": "GestionDePracticas.practicaproducto", "pk": 107, "fields": {"practica": 31, "producto": 6, "cantidad": 5, "precio": "5.00"}}, {"model": "GestionDePracticas.practicaproducto", "pk": 108, "fields": {"practica": 32, "producto": 8, "cantidad": 10, "precio": "15.00"}}, {"model": "GestionDePracticas.practicaproducto", "pk": 109, "fields": {"practica": 32, "producto": 5, "cantidad": 6, "precio": "20.00"}}, {"model": "GestionDePracticas.practicaproducto", "pk": 110, "fields": {"practica": 32, "producto": 9, "cantidad": 2, "precio": "5.00"}}, {"model": "GestionDePracticas.practicaproducto", "pk": 111, "fields": {"practica": 32, "producto": 6, "cantidad": 101, "precio": "5.00"}}, {"model": "GestionDePracticas.practicaproducto", "pk": 121, "fields": {"practica": 36, "producto": 9, "cantidad": 6, "precio": "5.00"}}, {"model": "GestionDePracticas.practicaproducto", "pk": 122, "fields": {"practica": 36, "producto": 6, "cantidad": 3, "precio": "5.00"}}, {"model": "GestionDePracticas.practicaproducto", "pk": 123, "fields": {"practica": 38, "producto": 8, "cantidad": 4, "precio": "15.00"}}, {"model": "GestionDePracticas.practicaproducto", "pk": 124, "fields": {"practica": 38, "producto": 5, "cantidad": 3, "precio": "20.00"}}, {"model": "GestionDePracticas.practicaproducto", "pk": 125, "fields": {"practica": 38, "producto": 6, "cantidad": 50, "precio": "5.00"}}, {"model": "GestionDePracticas.practicaproducto", "pk": 126, "fields": {"practica": 40, "producto": 8, "cantidad": 2, "precio": "15.00"}}, {"model": "GestionDePracticas.practicaproducto", "pk": 127, "fields": {"practica": 40, "producto": 9, "cantidad": 2, "precio": "5.00"}}, {"model": "GestionDePracticas.practicaproducto", "pk": 128, "fields": {"practica": 40, "producto": 6, "cantidad": 1, "precio": "5.00"}}, {"model": "GestionDePracticas.estado", "pk": 2, "fields": {"marca": "2019-12-17T19:47:27.795", "practica": 2, "tipo": 1, "usuario": 5}}, {"model": "GestionDePracticas.estado", "pk": 3, "fields": {"marca": "2019-12-17T19:47:27.914", "practica": 2, "tipo": 5, "usuario": 5}}, {"model": "GestionDePracticas.estado", "pk": 4, "fields": {"marca": "2019-12-17T22:30:08.028", "practica": 3, "tipo": 1, "usuario": 5}}, {"model": "GestionDePracticas.estado", "pk": 5, "fields": {"marca": "2019-12-17T22:30:08.293", "practica": 3, "tipo": 5, "usuario": 5}}, {"model": "GestionDePracticas.estado", "pk": 6, "fields": {"marca": "2019-12-17T22:30:23.748", "practica": 3, "tipo": 6, "usuario": 5}}, {"model": "GestionDePracticas.estado", "pk": 7, "fields": {"marca": "2019-12-17T22:58:24.567", "practica": 4, "tipo": 1, "usuario": 5}}, {"model": "GestionDePracticas.estado", "pk": 8, "fields": {"marca": "2019-12-17T22:58:24.976", "practica": 4, "tipo": 5, "usuario": 5}}, {"model": "GestionDePracticas.estado", "pk": 9, "fields": {"marca": "2019-12-17T22:58:49.752", "practica": 5, "tipo": 1, "usuario": 5}}, {"model": "GestionDePracticas.estado", "pk": 10, "fields": {"marca": "2019-12-17T22:58:50.147", "practica": 5, "tipo": 3, "usuario": 5}}, {"model": "GestionDePracticas.estado", "pk": 11, "fields": {"marca": "2019-12-17T22:59:47.871", "practica": 6, "tipo": 1, "usuario": 5}}, {"model": "GestionDePracticas.estado", "pk": 12, "fields": {"marca": "2019-12-17T22:59:48.024", "practica": 6, "tipo": 3, "usuario": 5}}, {"model": "GestionDePracticas.estado", "pk": 13, "fields": {"marca": "2019-12-17T23:00:49.966", "practica": 6, "tipo": 2, "usuario": 5}}, {"model": "GestionDePracticas.estado", "pk": 14, "fields": {"marca": "2019-12-17T23:01:44.064", "practica": 7, "tipo": 1, "usuario": 5}}, {"model": "GestionDePracticas.estado", "pk": 15, "fields": {"marca": "2019-12-17T23:01:44.738", "practica": 7, "tipo": 3, "usuario": 5}}, {"model": "GestionDePracticas.estado", "pk": 16, "fields": {"marca": "2019-12-17T23:02:34.063", "practica": 7, "tipo": 2, "usuario": 5}}, {"model": "GestionDePracticas.estado", "pk": 17, "fields": {"marca": "2019-12-17T23:03:11.613", "practica": 7, "tipo": 2, "usuario": 5}}, {"model": "GestionDePracticas.estado", "pk": 18, "fields": {"marca": "2019-12-17T23:04:13.671", "practica": 7, "tipo": 2, "usuario": 5}}, {"model": "GestionDePracticas.estado", "pk": 19, "fields": {"marca": "2019-12-17T23:04:23.219", "practica": 7, "tipo": 5, "usuario": 5}}, {"model": "GestionDePracticas.estado", "pk": 20, "fields": {"marca": "2019-12-17T23:04:52.236", "practica": 7, "tipo": 6, "usuario": 5}}, {"model": "GestionDePracticas.estado", "pk": 21, "fields": {"marca": "2019-12-17T23:13:53.417", "practica": 8, "tipo": 1, "usuario": 5}}, {"model": "GestionDePracticas.estado", "pk": 22, "fields": {"marca": "2019-12-17T23:13:53.553", "practica": 8, "tipo": 5, "usuario": 5}}, {"model": "GestionDePracticas.estado", "pk": 23, "fields": {"marca": "2019-12-17T23:14:03.345", "practica": 8, "tipo": 6, "usuario": 5}}, {"model": "GestionDePracticas.estado", "pk": 24, "fields": {"marca": "2019-12-17T23:27:31.278", "practica": 9, "tipo": 1, "usuario": 1}}, {"model": "GestionDePracticas.estado", "pk": 25, "fields": {"marca": "2019-12-17T23:27:31.408", "practica": 9, "tipo": 3, "usuario": 1}}, {"model": "GestionDePracticas.estado", "pk": 26, "fields": {"marca": "2019-12-17T23:27:55.826", "practica": 9, "tipo": 2, "usuario": 1}}, {"model": "GestionDePracticas.estado", "pk": 27, "fields": {"marca": "2019-12-17T23:54:30.636", "practica": 9, "tipo": 5, "usuario": 1}}, {"model": "GestionDePracticas.estado", "pk": 28, "fields": {"marca": "2019-12-17T23:54:50.195", "practica": 9, "tipo": 6, "usuario": 1}}, {"model": "GestionDePracticas.estado", "pk": 29, "fields": {"marca": "2019-12-17T23:55:11.905", "practica": 10, "tipo": 1, "usuario": 1}}, {"model": "GestionDePracticas.estado", "pk": 30, "fields": {"marca": "2019-12-17T23:55:12.073", "practica": 10, "tipo": 5, "usuario": 1}}, {"model": "GestionDePracticas.estado", "pk": 31, "fields": {"marca": "2019-12-17T23:55:36.518", "practica": 11, "tipo": 1, "usuario": 1}}, {"model": "GestionDePracticas.estado", "pk": 32, "fields": {"marca": "2019-12-17T23:55:36.651", "practica": 11, "tipo": 2, "usuario": 1}}, {"model": "GestionDePracticas.estado", "pk": 33, "fields": {"marca": "2019-12-17T23:55:54.827", "practica": 11, "tipo": 4, "usuario": 1}}, {"model": "GestionDePracticas.estado", "pk": 34, "fields": {"marca": "2019-12-18T00:04:15.213", "practica": 12, "tipo": 1, "usuario": 1}}, {"model": "GestionDePracticas.estado", "pk": 35, "fields": {"marca": "2019-12-18T00:04:15.353", "practica": 12, "tipo": 3, "usuario": 1}}, {"model": "GestionDePracticas.estado", "pk": 36, "fields": {"marca": "2019-12-18T03:27:02.946", "practica": 13, "tipo": 1, "usuario": 1}}, {"model": "GestionDePracticas.estado", "pk": 37, "fields": {"marca": "2019-12-18T03:27:03.199", "practica": 13, "tipo": 5, "usuario": 1}}, {"model": "GestionDePracticas.estado", "pk": 38, "fields": {"marca": "2019-12-18T03:30:29.586", "practica": 6, "tipo": 4, "usuario": 1}}, {"model": "GestionDePracticas.estado", "pk": 39, "fields": {"marca": "2019-12-18T03:31:26.222", "practica": 5, "tipo": 2, "usuario": 1}}, {"model": "GestionDePracticas.estado", "pk": 40, "fields": {"marca": "2019-12-18T03:32:32.923", "practica": 5, "tipo": 4, "usuario": 1}}, {"model": "GestionDePracticas.estado", "pk": 41, "fields": {"marca": "2019-12-18T03:38:12.068", "practica": 13, "tipo": 6, "usuario": 1}}, {"model": "GestionDePracticas.estado", "pk": 42, "fields": {"marca": "2019-12-18T03:49:16.525", "practica": 14, "tipo": 1, "usuario": 1}}, {"model": "GestionDePracticas.estado", "pk": 43, "fields": {"marca": "2019-12-18T03:49:16.662", "practica": 14, "tipo": 2, "usuario": 1}}, {"model": "GestionDePracticas.estado", "pk": 44, "fields": {"marca": "2019-12-19T00:30:02.413", "practica": 15, "tipo": 1, "usuario": 1}}, {"model": "GestionDePracticas.estado", "pk": 45, "fields": {"marca": "2019-12-19T00:30:02.616", "practica": 15, "tipo": 3, "usuario": 1}}, {"model": "GestionDePracticas.estado", "pk": 46, "fields": {"marca": "2019-12-19T00:32:30.454", "practica": 16, "tipo": 1, "usuario": 1}}, {"model": "GestionDePracticas.estado", "pk": 47, "fields": {"marca": "2019-12-19T00:32:30.579", "practica": 16, "tipo": 3, "usuario": 1}}, {"model": "GestionDePracticas.estado", "pk": 48, "fields": {"marca": "2019-12-19T00:33:35.237", "practica": 16, "tipo": 5, "usuario": 1}}, {"model": "GestionDePracticas.estado", "pk": 49, "fields": {"marca": "2019-12-19T00:33:46.847", "practica": 16, "tipo": 6, "usuario": 1}}, {"model": "GestionDePracticas.estado", "pk": 50, "fields": {"marca": "2019-12-19T00:36:29.539", "practica": 17, "tipo": 1, "usuario": 1}}, {"model": "GestionDePracticas.estado", "pk": 51, "fields": {"marca": "2019-12-19T00:36:29.675", "practica": 17, "tipo": 3, "usuario": 1}}, {"model": "GestionDePracticas.estado", "pk": 52, "fields": {"marca": "2019-12-19T00:36:55.805", "practica": 17, "tipo": 5, "usuario": 1}}, {"model": "GestionDePracticas.estado", "pk": 53, "fields": {"marca": "2019-12-19T00:38:00.947", "practica": 18, "tipo": 1, "usuario": 1}}, {"model": "GestionDePracticas.estado", "pk": 54, "fields": {"marca": "2019-12-19T00:38:01.117", "practica": 18, "tipo": 5, "usuario": 1}}, {"model": "GestionDePracticas.estado", "pk": 55, "fields": {"marca": "2019-12-19T00:38:16.941", "practica": 18, "tipo": 6, "usuario": 1}}, {"model": "GestionDePracticas.estado", "pk": 56, "fields": {"marca": "2019-12-19T00:39:02.436", "practica": 19, "tipo": 1, "usuario": 1}}, {"model": "GestionDePracticas.estado", "pk": 57, "fields": {"marca": "2019-12-19T00:39:02.584", "practica": 19, "tipo": 5, "usuario": 1}}, {"model": "GestionDePracticas.estado", "pk": 61, "fields": {"marca": "2019-12-19T00:40:24.692", "practica": 23, "tipo": 1, "usuario": 1}}, {"model": "GestionDePracticas.estado", "pk": 62, "fields": {"marca": "2019-12-19T00:40:24.835", "practica": 23, "tipo": 5, "usuario": 1}}, {"model": "GestionDePracticas.estado", "pk": 63, "fields": {"marca": "2019-12-19T00:40:44.397", "practica": 23, "tipo": 6, "usuario": 1}}, {"model": "GestionDePracticas.estado", "pk": 64, "fields": {"marca": "2019-12-19T00:41:30.629", "practica": 24, "tipo": 1, "usuario": 1}}, {"model": "GestionDePracticas.estado", "pk": 65, "fields": {"marca": "2019-12-19T00:41:30.777", "practica": 24, "tipo": 5, "usuario": 1}}, {"model": "GestionDePracticas.estado", "pk": 67, "fields": {"marca": "2019-12-19T00:42:15.517", "practica": 26, "tipo": 1, "usuario": 1}}, {"model": "GestionDePracticas.estado", "pk": 68, "fields": {"marca": "2019-12-19T00:42:15.679", "practica": 26, "tipo": 5, "usuario": 1}}, {"model": "GestionDePracticas.estado", "pk": 69, "fields": {"marca": "2019-12-19T01:02:46.324", "practica": 27, "tipo": 1, "usuario": 1}}, {"model": "GestionDePracticas.estado", "pk": 70, "fields": {"marca": "2019-12-19T01:02:46.542", "practica": 27, "tipo": 3, "usuario": 1}}, {"model": "GestionDePracticas.estado", "pk": 71, "fields": {"marca": "2019-12-19T01:03:13.646", "practica": 27, "tipo": 5, "usuario": 1}}, {"model": "GestionDePracticas.estado", "pk": 72, "fields": {"marca": "2019-12-19T01:03:39.086", "practica": 27, "tipo": 6, "usuario": 1}}, {"model": "GestionDePracticas.estado", "pk": 73, "fields": {"marca": "2019-12-19T01:04:28.974", "practica": 28, "tipo": 1, "usuario": 1}}, {"model": "GestionDePracticas.estado", "pk": 74, "fields": {"marca": "2019-12-19T01:04:29.111", "practica": 28, "tipo": 3, "usuario": 1}}, {"model": "GestionDePracticas.estado", "pk": 75, "fields": {"marca": "2019-12-19T01:05:58.086", "practica": 29, "tipo": 1, "usuario": 1}}, {"model": "GestionDePracticas.estado", "pk": 76, "fields": {"marca": "2019-12-19T01:05:58.203", "practica": 29, "tipo": 3, "usuario": 1}}, {"model": "GestionDePracticas.estado", "pk": 77, "fields": {"marca": "2019-12-19T01:06:03.900", "practica": 29, "tipo": 5, "usuario": 1}}, {"model": "GestionDePracticas.estado", "pk": 78, "fields": {"marca": "2019-12-19T01:06:13.435", "practica": 29, "tipo": 6, "usuario": 1}}, {"model": "GestionDePracticas.estado", "pk": 79, "fields": {"marca": "2019-12-19T02:08:40.936", "practica": 30, "tipo": 1, "usuario": 1}}, {"model": "GestionDePracticas.estado", "pk": 80, "fields": {"marca": "2019-12-19T02:08:41.086", "practica": 30, "tipo": 5, "usuario": 1}}, {"model": "GestionDePracticas.estado", "pk": 81, "fields": {"marca": "2019-12-19T02:15:08.746", "practica": 30, "tipo": 6, "usuario": 1}}, {"model": "GestionDePracticas.estado", "pk": 82, "fields": {"marca": "2019-12-19T02:20:21.816", "practica": 31, "tipo": 1, "usuario": 1}}, {"model": "GestionDePracticas.estado", "pk": 83, "fields": {"marca": "2019-12-19T02:20:21.953", "practica": 31, "tipo": 3, "usuario": 1}}, {"model": "GestionDePracticas.estado", "pk": 84, "fields": {"marca": "2019-12-19T19:31:34.047", "practica": 14, "tipo": 5, "usuario": 1}}, {"model": "GestionDePracticas.estado", "pk": 85, "fields": {"marca": "2019-12-19T19:39:09.788", "practica": 17, "tipo": 6, "usuario": 1}}, {"model": "GestionDePracticas.estado", "pk": 86, "fields": {"marca": "2019-12-19T20:03:48.229", "practica": 4, "tipo": 6, "usuario": 1}}, {"model": "GestionDePracticas.estado", "pk": 87, "fields": {"marca": "2019-12-19T23:51:01.894", "practica": 32, "tipo": 1, "usuario": 1}}, {"model": "GestionDePracticas.estado", "pk": 88, "fields": {"marca": "2019-12-19T23:51:02.037", "practica": 32, "tipo": 3, "usuario": 1}}, {"model": "GestionDePracticas.estado", "pk": 89, "fields": {"marca": "2019-12-19T23:51:40.482", "practica": 32, "tipo": 5, "usuario": 1}}, {"model": "GestionDePracticas.estado", "pk": 93, "fields": {"marca": "2019-12-20T01:39:38.530", "practica": 36, "tipo": 1, "usuario": 1}}, {"model": "GestionDePracticas.estado", "pk": 94, "fields": {"marca": "2019-12-20T01:39:38.700", "practica": 36, "tipo": 3, "usuario": 1}}, {"model": "GestionDePracticas.estado", "pk": 95, "fields": {"marca": "2019-12-20T01:40:23.508", "practica": 36, "tipo": 5, "usuario": 1}}, {"model": "GestionDePracticas.estado", "pk": 96, "fields": {"marca": "2019-12-20T02:32:22.697", "practica": 37, "tipo": 1, "usuario": 1}}, {"model": "GestionDePracticas.estado", "pk": 97, "fields": {"marca": "2019-12-20T02:32:22.933", "practica": 37, "tipo": 2, "usuario": 1}}, {"model": "GestionDePracticas.estado", "pk": 98, "fields": {"marca": "2019-12-20T02:32:57.222", "practica": 37, "tipo": 5, "usuario": 1}}, {"model": "GestionDePracticas.estado", "pk": 99, "fields": {"marca": "2019-12-20T02:33:38.654", "practica": 37, "tipo": 6, "usuario": 1}}, {"model": "GestionDePracticas.estado", "pk": 100, "fields": {"marca": "2019-12-20T02:35:42.762", "practica": 38, "tipo": 1, "usuario": 1}}, {"model": "GestionDePracticas.estado", "pk": 101, "fields": {"marca": "2019-12-20T02:35:43.008", "practica": 38, "tipo": 2, "usuario": 1}}, {"model": "GestionDePracticas.estado", "pk": 102, "fields": {"marca": "2019-12-20T02:36:30.762", "practica": 39, "tipo": 1, "usuario": 1}}, {"model": "GestionDePracticas.estado", "pk": 103, "fields": {"marca": "2019-12-20T02:36:31.197", "practica": 39, "tipo": 2, "usuario": 1}}, {"model": "GestionDePracticas.estado", "pk": 104, "fields": {"marca": "2019-12-20T02:37:01.873", "practica": 39, "tipo": 5, "usuario": 1}}, {"model": "GestionDePracticas.estado", "pk": 105, "fields": {"marca": "2019-12-20T02:37:27.716", "practica": 40, "tipo": 1, "usuario": 1}}, {"model": "GestionDePracticas.estado", "pk": 106, "fields": {"marca": "2019-12-20T02:37:28.342", "practica": 40, "tipo": 2, "usuario": 1}}, {"model": "GestionDePracticas.estado", "pk": 107, "fields": {"marca": "2019-12-20T02:38:09.343", "practica": 41, "tipo": 1, "usuario": 1}}, {"model": "GestionDePracticas.estado", "pk": 108, "fields": {"marca": "2019-12-20T02:38:09.750", "practica": 41, "tipo": 2, "usuario": 1}}, {"model": "GestionDePracticas.estado", "pk": 109, "fields": {"marca": "2019-12-20T02:38:33.608", "practica": 41, "tipo": 5, "usuario": 1}}, {"model": "GestionDePracticas.estado", "pk": 110, "fields": {"marca": "2019-12-20T02:39:46.327", "practica": 41, "tipo": 6, "usuario": 1}}, {"model": "GestionDePracticas.creada", "pk": 2, "fields": {}}, {"model": "GestionDePracticas.creada", "pk": 4, "fields": {}}, {"model": "GestionDePracticas.creada", "pk": 7, "fields": {}}, {"model": "GestionDePracticas.creada", "pk": 9, "fields": {}}, {"model": "GestionDePracticas.creada", "pk": 11, "fields": {}}, {"model": "GestionDePracticas.creada", "pk": 14, "fields": {}}, {"model": "GestionDePracticas.creada", "pk": 21, "fields": {}}, {"model": "GestionDePracticas.creada", "pk": 24, "fields": {}}, {"model": "GestionDePracticas.creada", "pk": 29, "fields": {}}, {"model": "GestionDePracticas.creada", "pk": 31, "fields": {}}, {"model": "GestionDePracticas.creada", "pk": 34, "fields": {}}, {"model": "GestionDePracticas.creada", "pk": 36, "fields": {}}, {"model": "GestionDePracticas.creada", "pk": 42, "fields": {}}, {"model": "GestionDePracticas.creada", "pk": 44, "fields": {}}, {"model": "GestionDePracticas.creada", "pk": 46, "fields": {}}, {"model": "GestionDePracticas.creada", "pk": 50, "fields": {}}, {"model": "GestionDePracticas.creada", "pk": 53, "fields": {}}, {"model": "GestionDePracticas.creada", "pk": 56, "fields": {}}, {"model": "GestionDePracticas.creada", "pk": 61, "fields": {}}, {"model": "GestionDePracticas.creada", "pk": 64, "fields": {}}, {"model": "GestionDePracticas.creada", "pk": 67, "fields": {}}, {"model": "GestionDePracticas.creada", "pk": 69, "fields": {}}, {"model": "GestionDePracticas.creada", "pk": 73, "fields": {}}, {"model": "GestionDePracticas.creada", "pk": 75, "fields": {}}, {"model": "GestionDePracticas.creada", "pk": 79, "fields": {}}, {"model": "GestionDePracticas.creada", "pk": 82, "fields": {}}, {"model": "GestionDePracticas.creada", "pk": 87, "fields": {}}, {"model": "GestionDePracticas.creada", "pk": 93, "fields": {}}, {"model": "GestionDePracticas.creada", "pk": 96, "fields": {}}, {"model": "GestionDePracticas.creada", "pk": 100, "fields": {}}, {"model": "GestionDePracticas.creada", "pk": 102, "fields": {}}, {"model": "GestionDePracticas.creada", "pk": 105, "fields": {}}, {"model": "GestionDePracticas.creada", "pk": 107, "fields": {}}, {"model": "GestionDePracticas.programada", "pk": 13, "fields": {"inicio": "2019-12-27T22:59:00", "finalizacion": "2019-12-28T01:00:00", "motivoReprogramacion": ""}}, {"model": "GestionDePracticas.programada", "pk": 16, "fields": {"inicio": "2019-12-28T23:01:00", "finalizacion": "2019-12-29T00:02:00", "motivoReprogramacion": ""}}, {"model": "GestionDePracticas.programada", "pk": 17, "fields": {"inicio": "2019-12-31T23:01:00", "finalizacion": "2020-01-01T01:02:00", "motivoReprogramacion": "no puede ese dia, no est\u00e1 en la chacra"}}, {"model": "GestionDePracticas.programada", "pk": 18, "fields": {"inicio": "2020-01-05T23:01:00", "finalizacion": "2020-01-06T01:02:00", "motivoReprogramacion": "no puede, por segunda vez."}}, {"model": "GestionDePracticas.programada", "pk": 26, "fields": {"inicio": "2019-12-17T23:27:00", "finalizacion": "2019-12-18T01:27:00", "motivoReprogramacion": ""}}, {"model": "GestionDePracticas.programada", "pk": 32, "fields": {"inicio": "2019-12-17T23:55:00", "finalizacion": "2019-12-18T03:55:00", "motivoReprogramacion": ""}}, {"model": "GestionDePracticas.programada", "pk": 39, "fields": {"inicio": "2019-12-20T03:30:00", "finalizacion": "2019-12-20T04:01:00", "motivoReprogramacion": ""}}, {"model": "GestionDePracticas.programada", "pk": 43, "fields": {"inicio": "2019-12-18T03:48:00", "finalizacion": "2019-12-18T04:18:00", "motivoReprogramacion": ""}}, {"model": "GestionDePracticas.programada", "pk": 97, "fields": {"inicio": "2019-12-20T02:31:00", "finalizacion": "2019-12-20T04:31:00", "motivoReprogramacion": ""}}, {"model": "GestionDePracticas.programada", "pk": 101, "fields": {"inicio": "2019-12-28T02:34:00", "finalizacion": "2019-12-28T03:35:00", "motivoReprogramacion": ""}}, {"model": "GestionDePracticas.programada", "pk": 103, "fields": {"inicio": "2019-12-29T02:36:00", "finalizacion": "2019-12-29T08:37:00", "motivoReprogramacion": ""}}, {"model": "GestionDePracticas.programada", "pk": 106, "fields": {"inicio": "2019-12-20T02:37:00", "finalizacion": "2019-12-20T03:07:00", "motivoReprogramacion": ""}}, {"model": "GestionDePracticas.programada", "pk": 108, "fields": {"inicio": "2019-12-20T03:07:00", "finalizacion": "2019-12-20T07:07:00", "motivoReprogramacion": ""}}, {"model": "GestionDePracticas.presupuestada", "pk": 10, "fields": {"diasMantenimiento": 7}}, {"model": "GestionDePracticas.presupuestada", "pk": 12, "fields": {"diasMantenimiento": 7}}, {"model": "GestionDePracticas.presupuestada", "pk": 15, "fields": {"diasMantenimiento": 18}}, {"model": "GestionDePracticas.presupuestada", "pk": 25, "fields": {"diasMantenimiento": 7}}, {"model": "GestionDePracticas.presupuestada", "pk": 35, "fields": {"diasMantenimiento": 7}}, {"model": "GestionDePracticas.presupuestada", "pk": 45, "fields": {"diasMantenimiento": 8}}, {"model": "GestionDePracticas.presupuestada", "pk": 47, "fields": {"diasMantenimiento": 7}}, {"model": "GestionDePracticas.presupuestada", "pk": 51, "fields": {"diasMantenimiento": 7}}, {"model": "GestionDePracticas.presupuestada", "pk": 70, "fields": {"diasMantenimiento": 7}}, {"model": "GestionDePracticas.presupuestada", "pk": 74, "fields": {"diasMantenimiento": 7}}, {"model": "GestionDePracticas.presupuestada", "pk": 76, "fields": {"diasMantenimiento": 7}}, {"model": "GestionDePracticas.presupuestada", "pk": 83, "fields": {"diasMantenimiento": 7}}, {"model": "GestionDePracticas.presupuestada", "pk": 88, "fields": {"diasMantenimiento": 7}}, {"model": "GestionDePracticas.presupuestada", "pk": 94, "fields": {"diasMantenimiento": 7}}, {"model": "GestionDePracticas.realizada", "pk": 3, "fields": {"inicio": "2019-12-17T15:47:00", "finalizacion": "2019-12-17T19:47:00", "condicionPreviaMascota": "", "resultados": ""}}, {"model": "GestionDePracticas.realizada", "pk": 5, "fields": {"inicio": "2019-12-17T15:30:00", "finalizacion": "2019-12-17T16:05:00", "condicionPreviaMascota": "", "resultados": ""}}, {"model": "GestionDePracticas.realizada", "pk": 8, "fields": {"inicio": "2019-12-17T21:58:00", "finalizacion": "2019-12-17T22:58:00", "condicionPreviaMascota": "", "resultados": ""}}, {"model": "GestionDePracticas.realizada", "pk": 19, "fields": {"inicio": "2020-01-05T23:01:00", "finalizacion": "2020-01-06T01:02:00", "condicionPreviaMascota": "", "resultados": ""}}, {"model": "GestionDePracticas.realizada", "pk": 22, "fields": {"inicio": "2019-12-17T21:43:00", "finalizacion": "2019-12-17T23:13:00", "condicionPreviaMascota": "", "resultados": ""}}, {"model": "GestionDePracticas.realizada", "pk": 27, "fields": {"inicio": "2019-12-17T23:27:00", "finalizacion": "2019-12-18T01:27:00", "condicionPreviaMascota": "", "resultados": ""}}, {"model": "GestionDePracticas.realizada", "pk": 30, "fields": {"inicio": "2019-12-17T23:25:00", "finalizacion": "2019-12-17T23:55:00", "condicionPreviaMascota": "El animal no estaba castrado.", "resultados": "El animal fu\u00e9 castrado."}}, {"model": "GestionDePracticas.realizada", "pk": 37, "fields": {"inicio": "2019-12-18T02:51:00", "finalizacion": "2019-12-18T03:21:00", "condicionPreviaMascota": "", "resultados": ""}}, {"model": "GestionDePracticas.realizada", "pk": 48, "fields": {"inicio": "2019-12-26T15:33:00", "finalizacion": "2019-12-27T00:33:00", "condicionPreviaMascota": "", "resultados": ""}}, {"model": "GestionDePracticas.realizada", "pk": 52, "fields": {"inicio": "2019-12-17T16:36:00", "finalizacion": "2019-12-19T00:36:00", "condicionPreviaMascota": "", "resultados": ""}}, {"model": "GestionDePracticas.realizada", "pk": 54, "fields": {"inicio": "2019-12-18T21:17:00", "finalizacion": "2019-12-19T00:37:00", "condicionPreviaMascota": "", "resultados": ""}}, {"model": "GestionDePracticas.realizada", "pk": 57, "fields": {"inicio": "2019-12-18T15:38:00", "finalizacion": "2019-12-19T00:38:00", "condicionPreviaMascota": "", "resultados": ""}}, {"model": "GestionDePracticas.realizada", "pk": 62, "fields": {"inicio": "2019-12-17T21:00:00", "finalizacion": "2019-12-19T00:40:00", "condicionPreviaMascota": "", "resultados": ""}}, {"model": "GestionDePracticas.realizada", "pk": 65, "fields": {"inicio": "2019-12-18T22:41:00", "finalizacion": "2019-12-19T00:41:00", "condicionPreviaMascota": "", "resultados": ""}}, {"model": "GestionDePracticas.realizada", "pk": 68, "fields": {"inicio": "2019-12-18T04:42:00", "finalizacion": "2019-12-19T00:42:00", "condicionPreviaMascota": "", "resultados": ""}}, {"model": "GestionDePracticas.realizada", "pk": 71, "fields": {"inicio": "2019-12-19T00:03:00", "finalizacion": "2019-12-19T01:03:00", "condicionPreviaMascota": "", "resultados": ""}}, {"model": "GestionDePracticas.realizada", "pk": 77, "fields": {"inicio": "2019-12-19T00:46:00", "finalizacion": "2019-12-19T01:06:00", "condicionPreviaMascota": "", "resultados": ""}}, {"model": "GestionDePracticas.realizada", "pk": 80, "fields": {"inicio": "2019-12-19T01:05:00", "finalizacion": "2019-12-19T02:05:00", "condicionPreviaMascota": "", "resultados": ""}}, {"model": "GestionDePracticas.realizada", "pk": 84, "fields": {"inicio": "2019-12-18T03:48:00", "finalizacion": "2019-12-18T04:18:00", "condicionPreviaMascota": "", "resultados": ""}}, {"model": "GestionDePracticas.realizada", "pk": 89, "fields": {"inicio": "2019-12-19T21:21:00", "finalizacion": "2019-12-19T23:51:00", "condicionPreviaMascota": "", "resultados": ""}}, {"model": "GestionDePracticas.realizada", "pk": 95, "fields": {"inicio": "2019-12-20T00:10:00", "finalizacion": "2020-01-02T01:40:00", "condicionPreviaMascota": "", "resultados": ""}}, {"model": "GestionDePracticas.realizada", "pk": 98, "fields": {"inicio": "2019-12-21T02:31:00", "finalizacion": "2019-12-21T04:32:00", "condicionPreviaMascota": "", "resultados": ""}}, {"model": "GestionDePracticas.realizada", "pk": 104, "fields": {"inicio": "2019-12-29T02:36:00", "finalizacion": "2019-12-29T08:37:00", "condicionPreviaMascota": "", "resultados": ""}}, {"model": "GestionDePracticas.realizada", "pk": 109, "fields": {"inicio": "2019-12-20T03:07:00", "finalizacion": "2019-12-20T07:07:00", "condicionPreviaMascota": "", "resultados": ""}}, {"model": "GestionDePracticas.realizadaservicio", "pk": 1, "fields": {"realizada": 3, "servicio": 1, "cantidad": 2, "precio": "1000.00", "observaciones": ""}}, {"model": "GestionDePracticas.realizadaservicio", "pk": 2, "fields": {"realizada": 5, "servicio": 13, "cantidad": 1, "precio": "4000.00", "observaciones": ""}}, {"model": "GestionDePracticas.realizadaservicio", "pk": 3, "fields": {"realizada": 8, "servicio": 3, "cantidad": 1, "precio": "300.00", "observaciones": ""}}, {"model": "GestionDePracticas.realizadaservicio", "pk": 4, "fields": {"realizada": 8, "servicio": 13, "cantidad": 1, "precio": "4000.00", "observaciones": ""}}, {"model": "GestionDePracticas.realizadaservicio", "pk": 5, "fields": {"realizada": 19, "servicio": 2, "cantidad": 1, "precio": "500.00", "observaciones": ""}}, {"model": "GestionDePracticas.realizadaservicio", "pk": 6, "fields": {"realizada": 22, "servicio": 13, "cantidad": 3, "precio": "4000.00", "observaciones": ""}}, {"model": "GestionDePracticas.realizadaservicio", "pk": 7, "fields": {"realizada": 27, "servicio": 1, "cantidad": 1, "precio": "1000.00", "observaciones": ""}}, {"model": "GestionDePracticas.realizadaservicio", "pk": 8, "fields": {"realizada": 30, "servicio": 3, "cantidad": 1, "precio": "300.00", "observaciones": "Todo sali\u00f3 bien."}}, {"model": "GestionDePracticas.realizadaservicio", "pk": 9, "fields": {"realizada": 37, "servicio": 13, "cantidad": 1, "precio": "4000.00", "observaciones": ""}}, {"model": "GestionDePracticas.realizadaservicio", "pk": 10, "fields": {"realizada": 48, "servicio": 5, "cantidad": 12, "precio": "250.00", "observaciones": ""}}, {"model": "GestionDePracticas.realizadaservicio", "pk": 11, "fields": {"realizada": 52, "servicio": 5, "cantidad": 12, "precio": "250.00", "observaciones": ""}}, {"model": "GestionDePracticas.realizadaservicio", "pk": 12, "fields": {"realizada": 52, "servicio": 8, "cantidad": 36, "precio": "200.00", "observaciones": ""}}, {"model": "GestionDePracticas.realizadaservicio", "pk": 13, "fields": {"realizada": 52, "servicio": 10, "cantidad": 12, "precio": "200.00", "observaciones": ""}}, {"model": "GestionDePracticas.realizadaservicio", "pk": 14, "fields": {"realizada": 54, "servicio": 5, "cantidad": 1, "precio": "250.00", "observaciones": ""}}, {"model": "GestionDePracticas.realizadaservicio", "pk": 15, "fields": {"realizada": 54, "servicio": 8, "cantidad": 5, "precio": "200.00", "observaciones": ""}}, {"model": "GestionDePracticas.realizadaservicio", "pk": 16, "fields": {"realizada": 54, "servicio": 10, "cantidad": 1, "precio": "200.00", "observaciones": ""}}, {"model": "GestionDePracticas.realizadaservicio", "pk": 17, "fields": {"realizada": 57, "servicio": 5, "cantidad": 3, "precio": "250.00", "observaciones": ""}}, {"model": "GestionDePracticas.realizadaservicio", "pk": 18, "fields": {"realizada": 57, "servicio": 8, "cantidad": 12, "precio": "200.00", "observaciones": ""}}, {"model": "GestionDePracticas.realizadaservicio", "pk": 19, "fields": {"realizada": 57, "servicio": 10, "cantidad": 3, "precio": "200.00", "observaciones": ""}}, {"model": "GestionDePracticas.realizadaservicio", "pk": 20, "fields": {"realizada": 62, "servicio": 5, "cantidad": 1, "precio": "250.00", "observaciones": ""}}, {"model": "GestionDePracticas.realizadaservicio", "pk": 21, "fields": {"realizada": 62, "servicio": 8, "cantidad": 30, "precio": "200.00", "observaciones": ""}}, {"model": "GestionDePracticas.realizadaservicio", "pk": 22, "fields": {"realizada": 62, "servicio": 10, "cantidad": 17, "precio": "200.00", "observaciones": ""}}, {"model": "GestionDePracticas.realizadaservicio", "pk": 23, "fields": {"realizada": 65, "servicio": 5, "cantidad": 3, "precio": "250.00", "observaciones": ""}}, {"model": "GestionDePracticas.realizadaservicio", "pk": 24, "fields": {"realizada": 68, "servicio": 5, "cantidad": 30, "precio": "250.00", "observaciones": ""}}, {"model": "GestionDePracticas.realizadaservicio", "pk": 25, "fields": {"realizada": 71, "servicio": 10, "cantidad": 1, "precio": "200.00", "observaciones": ""}}, {"model": "GestionDePracticas.realizadaservicio", "pk": 26, "fields": {"realizada": 77, "servicio": 8, "cantidad": 1, "precio": "200.00", "observaciones": ""}}, {"model": "GestionDePracticas.realizadaservicio", "pk": 27, "fields": {"realizada": 80, "servicio": 10, "cantidad": 1, "precio": "200.00", "observaciones": ""}}, {"model": "GestionDePracticas.realizadaservicio", "pk": 28, "fields": {"realizada": 84, "servicio": 13, "cantidad": 1, "precio": "4000.00", "observaciones": ""}}, {"model": "GestionDePracticas.realizadaservicio", "pk": 29, "fields": {"realizada": 89, "servicio": 2, "cantidad": 2, "precio": "500.00", "observaciones": ""}}, {"model": "GestionDePracticas.realizadaservicio", "pk": 30, "fields": {"realizada": 89, "servicio": 13, "cantidad": 1, "precio": "4000.00", "observaciones": ""}}, {"model": "GestionDePracticas.realizadaservicio", "pk": 31, "fields": {"realizada": 95, "servicio": 13, "cantidad": 3, "precio": "4000.00", "observaciones": ""}}, {"model": "GestionDePracticas.realizadaservicio", "pk": 32, "fields": {"realizada": 98, "servicio": 1, "cantidad": 1, "precio": "1000.00", "observaciones": ""}}, {"model": "GestionDePracticas.realizadaservicio", "pk": 33, "fields": {"realizada": 104, "servicio": 1, "cantidad": 3, "precio": "1000.00", "observaciones": ""}}, {"model": "GestionDePracticas.realizadaservicio", "pk": 34, "fields": {"realizada": 109, "servicio": 1, "cantidad": 3, "precio": "1000.00", "observaciones": ""}}, {"model": "GestionDePracticas.realizadaproducto", "pk": 1, "fields": {"realizada": 5, "producto": 6, "cantidad": 1, "precio": "5.00"}}, {"model": "GestionDePracticas.realizadaproducto", "pk": 2, "fields": {"realizada": 5, "producto": 8, "cantidad": 2, "precio": "15.00"}}, {"model": "GestionDePracticas.realizadaproducto", "pk": 3, "fields": {"realizada": 5, "producto": 9, "cantidad": 2, "precio": "5.00"}}, {"model": "GestionDePracticas.realizadaproducto", "pk": 4, "fields": {"realizada": 8, "producto": 2, "cantidad": 10, "precio": "80.00"}}, {"model": "GestionDePracticas.realizadaproducto", "pk": 5, "fields": {"realizada": 8, "producto": 3, "cantidad": 1, "precio": "250.00"}}, {"model": "GestionDePracticas.realizadaproducto", "pk": 6, "fields": {"realizada": 8, "producto": 4, "cantidad": 2, "precio": "350.00"}}, {"model": "GestionDePracticas.realizadaproducto", "pk": 7, "fields": {"realizada": 8, "producto": 5, "cantidad": 1, "precio": "20.00"}}, {"model": "GestionDePracticas.realizadaproducto", "pk": 8, "fields": {"realizada": 8, "producto": 6, "cantidad": 2, "precio": "5.00"}}, {"model": "GestionDePracticas.realizadaproducto", "pk": 9, "fields": {"realizada": 8, "producto": 8, "cantidad": 2, "precio": "15.00"}}, {"model": "GestionDePracticas.realizadaproducto", "pk": 10, "fields": {"realizada": 8, "producto": 9, "cantidad": 4, "precio": "5.00"}}, {"model": "GestionDePracticas.realizadaproducto", "pk": 11, "fields": {"realizada": 19, "producto": 5, "cantidad": 3, "precio": "20.00"}}, {"model": "GestionDePracticas.realizadaproducto", "pk": 12, "fields": {"realizada": 19, "producto": 6, "cantidad": 50, "precio": "5.00"}}, {"model": "GestionDePracticas.realizadaproducto", "pk": 13, "fields": {"realizada": 19, "producto": 8, "cantidad": 4, "precio": "15.00"}}, {"model": "GestionDePracticas.realizadaproducto", "pk": 14, "fields": {"realizada": 22, "producto": 6, "cantidad": 3, "precio": "5.00"}}, {"model": "GestionDePracticas.realizadaproducto", "pk": 15, "fields": {"realizada": 22, "producto": 8, "cantidad": 6, "precio": "15.00"}}, {"model": "GestionDePracticas.realizadaproducto", "pk": 16, "fields": {"realizada": 22, "producto": 9, "cantidad": 6, "precio": "5.00"}}, {"model": "GestionDePracticas.realizadaproducto", "pk": 17, "fields": {"realizada": 30, "producto": 2, "cantidad": 10, "precio": "80.00"}}, {"model": "GestionDePracticas.realizadaproducto", "pk": 18, "fields": {"realizada": 30, "producto": 3, "cantidad": 1, "precio": "250.00"}}, {"model": "GestionDePracticas.realizadaproducto", "pk": 19, "fields": {"realizada": 30, "producto": 4, "cantidad": 2, "precio": "350.00"}}, {"model": "GestionDePracticas.realizadaproducto", "pk": 20, "fields": {"realizada": 30, "producto": 5, "cantidad": 1, "precio": "20.00"}}, {"model": "GestionDePracticas.realizadaproducto", "pk": 21, "fields": {"realizada": 30, "producto": 6, "cantidad": 1, "precio": "5.00"}}, {"model": "GestionDePracticas.realizadaproducto", "pk": 22, "fields": {"realizada": 30, "producto": 9, "cantidad": 2, "precio": "5.00"}}, {"model": "GestionDePracticas.realizadaproducto", "pk": 23, "fields": {"realizada": 37, "producto": 6, "cantidad": 1, "precio": "5.00"}}, {"model": "GestionDePracticas.realizadaproducto", "pk": 24, "fields": {"realizada": 37, "producto": 8, "cantidad": 2, "precio": "15.00"}}, {"model": "GestionDePracticas.realizadaproducto", "pk": 25, "fields": {"realizada": 37, "producto": 9, "cantidad": 2, "precio": "5.00"}}, {"model": "GestionDePracticas.realizadaproducto", "pk": 26, "fields": {"realizada": 48, "producto": 1, "cantidad": 12, "precio": "70.00"}}, {"model": "GestionDePracticas.realizadaproducto", "pk": 27, "fields": {"realizada": 48, "producto": 2, "cantidad": 12, "precio": "80.00"}}, {"model": "GestionDePracticas.realizadaproducto", "pk": 28, "fields": {"realizada": 48, "producto": 5, "cantidad": 12, "precio": "20.00"}}, {"model": "GestionDePracticas.realizadaproducto", "pk": 29, "fields": {"realizada": 48, "producto": 8, "cantidad": 24, "precio": "15.00"}}, {"model": "GestionDePracticas.realizadaproducto", "pk": 30, "fields": {"realizada": 52, "producto": 1, "cantidad": 12, "precio": "70.00"}}, {"model": "GestionDePracticas.realizadaproducto", "pk": 31, "fields": {"realizada": 52, "producto": 2, "cantidad": 12, "precio": "80.00"}}, {"model": "GestionDePracticas.realizadaproducto", "pk": 32, "fields": {"realizada": 52, "producto": 5, "cantidad": 12, "precio": "20.00"}}, {"model": "GestionDePracticas.realizadaproducto", "pk": 33, "fields": {"realizada": 52, "producto": 6, "cantidad": 192, "precio": "5.00"}}, {"model": "GestionDePracticas.realizadaproducto", "pk": 34, "fields": {"realizada": 52, "producto": 8, "cantidad": 120, "precio": "15.00"}}, {"model": "GestionDePracticas.realizadaproducto", "pk": 35, "fields": {"realizada": 52, "producto": 9, "cantidad": 48, "precio": "5.00"}}, {"model": "GestionDePracticas.realizadaproducto", "pk": 36, "fields": {"realizada": 54, "producto": 1, "cantidad": 1, "precio": "70.00"}}, {"model": "GestionDePracticas.realizadaproducto", "pk": 37, "fields": {"realizada": 54, "producto": 2, "cantidad": 1, "precio": "80.00"}}, {"model": "GestionDePracticas.realizadaproducto", "pk": 38, "fields": {"realizada": 54, "producto": 5, "cantidad": 1, "precio": "20.00"}}, {"model": "GestionDePracticas.realizadaproducto", "pk": 39, "fields": {"realizada": 54, "producto": 6, "cantidad": 26, "precio": "5.00"}}, {"model": "GestionDePracticas.realizadaproducto", "pk": 40, "fields": {"realizada": 54, "producto": 8, "cantidad": 14, "precio": "15.00"}}, {"model": "GestionDePracticas.realizadaproducto", "pk": 41, "fields": {"realizada": 54, "producto": 9, "cantidad": 6, "precio": "5.00"}}, {"model": "GestionDePracticas.realizadaproducto", "pk": 42, "fields": {"realizada": 57, "producto": 1, "cantidad": 3, "precio": "70.00"}}, {"model": "GestionDePracticas.realizadaproducto", "pk": 43, "fields": {"realizada": 57, "producto": 2, "cantidad": 3, "precio": "80.00"}}, {"model": "GestionDePracticas.realizadaproducto", "pk": 44, "fields": {"realizada": 57, "producto": 5, "cantidad": 3, "precio": "20.00"}}, {"model": "GestionDePracticas.realizadaproducto", "pk": 45, "fields": {"realizada": 57, "producto": 6, "cantidad": 63, "precio": "5.00"}}, {"model": "GestionDePracticas.realizadaproducto", "pk": 46, "fields": {"realizada": 57, "producto": 8, "cantidad": 36, "precio": "15.00"}}, {"model": "GestionDePracticas.realizadaproducto", "pk": 47, "fields": {"realizada": 57, "producto": 9, "cantidad": 15, "precio": "5.00"}}, {"model": "GestionDePracticas.realizadaproducto", "pk": 48, "fields": {"realizada": 62, "producto": 1, "cantidad": 1, "precio": "70.00"}}, {"model": "GestionDePracticas.realizadaproducto", "pk": 49, "fields": {"realizada": 62, "producto": 2, "cantidad": 1, "precio": "80.00"}}, {"model": "GestionDePracticas.realizadaproducto", "pk": 50, "fields": {"realizada": 62, "producto": 5, "cantidad": 1, "precio": "20.00"}}, {"model": "GestionDePracticas.realizadaproducto", "pk": 51, "fields": {"realizada": 62, "producto": 8, "cantidad": 96, "precio": "15.00"}}, {"model": "GestionDePracticas.realizadaproducto", "pk": 52, "fields": {"realizada": 62, "producto": 9, "cantidad": 5, "precio": "5.00"}}, {"model": "GestionDePracticas.realizadaproducto", "pk": 53, "fields": {"realizada": 65, "producto": 1, "cantidad": 3, "precio": "70.00"}}, {"model": "GestionDePracticas.realizadaproducto", "pk": 54, "fields": {"realizada": 65, "producto": 2, "cantidad": 3, "precio": "80.00"}}, {"model": "GestionDePracticas.realizadaproducto", "pk": 55, "fields": {"realizada": 65, "producto": 5, "cantidad": 3, "precio": "20.00"}}, {"model": "GestionDePracticas.realizadaproducto", "pk": 56, "fields": {"realizada": 65, "producto": 8, "cantidad": 6, "precio": "15.00"}}, {"model": "GestionDePracticas.realizadaproducto", "pk": 57, "fields": {"realizada": 68, "producto": 1, "cantidad": 30, "precio": "70.00"}}, {"model": "GestionDePracticas.realizadaproducto", "pk": 58, "fields": {"realizada": 68, "producto": 2, "cantidad": 30, "precio": "80.00"}}, {"model": "GestionDePracticas.realizadaproducto", "pk": 59, "fields": {"realizada": 68, "producto": 8, "cantidad": 60, "precio": "15.00"}}, {"model": "GestionDePracticas.realizadaproducto", "pk": 60, "fields": {"realizada": 71, "producto": 6, "cantidad": 1, "precio": "5.00"}}, {"model": "GestionDePracticas.realizadaproducto", "pk": 61, "fields": {"realizada": 71, "producto": 8, "cantidad": 2, "precio": "15.00"}}, {"model": "GestionDePracticas.realizadaproducto", "pk": 62, "fields": {"realizada": 71, "producto": 9, "cantidad": 1, "precio": "5.00"}}, {"model": "GestionDePracticas.realizadaproducto", "pk": 63, "fields": {"realizada": 77, "producto": 6, "cantidad": 5, "precio": "5.00"}}, {"model": "GestionDePracticas.realizadaproducto", "pk": 64, "fields": {"realizada": 77, "producto": 8, "cantidad": 2, "precio": "15.00"}}, {"model": "GestionDePracticas.realizadaproducto", "pk": 65, "fields": {"realizada": 77, "producto": 9, "cantidad": 1, "precio": "5.00"}}, {"model": "GestionDePracticas.realizadaproducto", "pk": 66, "fields": {"realizada": 80, "producto": 6, "cantidad": 1, "precio": "5.00"}}, {"model": "GestionDePracticas.realizadaproducto", "pk": 67, "fields": {"realizada": 80, "producto": 8, "cantidad": 2, "precio": "15.00"}}, {"model": "GestionDePracticas.realizadaproducto", "pk": 68, "fields": {"realizada": 80, "producto": 9, "cantidad": 1, "precio": "5.00"}}, {"model": "GestionDePracticas.realizadaproducto", "pk": 69, "fields": {"realizada": 84, "producto": 6, "cantidad": 1, "precio": "5.00"}}, {"model": "GestionDePracticas.realizadaproducto", "pk": 70, "fields": {"realizada": 84, "producto": 8, "cantidad": 2, "precio": "15.00"}}, {"model": "GestionDePracticas.realizadaproducto", "pk": 71, "fields": {"realizada": 84, "producto": 9, "cantidad": 2, "precio": "5.00"}}, {"model": "GestionDePracticas.realizadaproducto", "pk": 72, "fields": {"realizada": 89, "producto": 5, "cantidad": 6, "precio": "20.00"}}, {"model": "GestionDePracticas.realizadaproducto", "pk": 73, "fields": {"realizada": 89, "producto": 6, "cantidad": 101, "precio": "5.00"}}, {"model": "GestionDePracticas.realizadaproducto", "pk": 74, "fields": {"realizada": 89, "producto": 8, "cantidad": 10, "precio": "15.00"}}, {"model": "GestionDePracticas.realizadaproducto", "pk": 75, "fields": {"realizada": 89, "producto": 9, "cantidad": 2, "precio": "5.00"}}, {"model": "GestionDePracticas.realizadaproducto", "pk": 76, "fields": {"realizada": 95, "producto": 6, "cantidad": 3, "precio": "5.00"}}, {"model": "GestionDePracticas.realizadaproducto", "pk": 77, "fields": {"realizada": 95, "producto": 9, "cantidad": 6, "precio": "5.00"}}, {"model": "GestionDePracticas.realizadaproducto", "pk": 78, "fields": {"realizada": 109, "producto": 9, "cantidad": 6, "precio": "5.00"}}, {"model": "GestionDePracticas.cancelada", "pk": 33, "fields": {"motivo": "El animal falleci\u00f3."}}, {"model": "GestionDePracticas.cancelada", "pk": 38, "fields": {"motivo": ""}}, {"model": "GestionDePracticas.cancelada", "pk": 40, "fields": {"motivo": ""}}, {"model": "GestionDePracticas.facturada", "pk": 6, "fields": {}}, {"model": "GestionDePracticas.facturada", "pk": 20, "fields": {}}, {"model": "GestionDePracticas.facturada", "pk": 23, "fields": {}}, {"model": "GestionDePracticas.facturada", "pk": 28, "fields": {}}, {"model": "GestionDePracticas.facturada", "pk": 41, "fields": {}}, {"model": "GestionDePracticas.facturada", "pk": 49, "fields": {}}, {"model": "GestionDePracticas.facturada", "pk": 55, "fields": {}}, {"model": "GestionDePracticas.facturada", "pk": 63, "fields": {}}, {"model": "GestionDePracticas.facturada", "pk": 72, "fields": {}}, {"model": "GestionDePracticas.facturada", "pk": 78, "fields": {}}, {"model": "GestionDePracticas.facturada", "pk": 81, "fields": {}}, {"model": "GestionDePracticas.facturada", "pk": 85, "fields": {}}, {"model": "GestionDePracticas.facturada", "pk": 86, "fields": {}}, {"model": "GestionDePracticas.facturada", "pk": 99, "fields": {}}, {"model": "GestionDePracticas.facturada", "pk": 110, "fields": {}}]
