[{"model": "GestionDePracticas.practica", "pk": 1, "fields": {"precio": null, "cliente": 1, "mascota": 1, "tipoDeAtencion": 1, "turno": null}}, {"model": "GestionDePracticas.practica", "pk": 2, "fields": {"precio": null, "cliente": 1, "mascota": 1, "tipoDeAtencion": 1, "turno": null}}, {"model": "GestionDePracticas.practica", "pk": 3, "fields": {"precio": null, "cliente": 1, "mascota": 1, "tipoDeAtencion": 1, "turno": null}}, {"model": "GestionDePracticas.practica", "pk": 4, "fields": {"precio": null, "cliente": 5, "mascota": 1, "tipoDeAtencion": 2, "turno": null}}, {"model": "GestionDePracticas.practica", "pk": 5, "fields": {"precio": null, "cliente": 1, "mascota": 3, "tipoDeAtencion": 2, "turno": "2018-11-16T20:40:45Z"}}, {"model": "GestionDePracticas.practica", "pk": 6, "fields": {"precio": null, "cliente": 1, "mascota": 4, "tipoDeAtencion": 2, "turno": null}}, {"model": "GestionDePracticas.practica", "pk": 7, "fields": {"precio": null, "cliente": 6, "mascota": 2, "tipoDeAtencion": 2, "turno": "2018-11-14T20:40:34Z"}}, {"model": "GestionDePracticas.practica", "pk": 8, "fields": {"precio": null, "cliente": 3, "mascota": 4, "tipoDeAtencion": 4, "turno": "2018-11-13T22:01:44Z"}}, {"model": "GestionDePracticas.practica", "pk": 9, "fields": {"precio": null, "cliente": 1, "mascota": 4, "tipoDeAtencion": 2, "turno": "2018-11-13T20:40:22Z"}}, {"model": "GestionDePracticas.practica", "pk": 10, "fields": {"precio": null, "cliente": 6, "mascota": 4, "tipoDeAtencion": 3, "turno": "2018-11-12T20:40:11Z"}}, {"model": "GestionDePracticas.practica", "pk": 11, "fields": {"precio": null, "cliente": 6, "mascota": 4, "tipoDeAtencion": 5, "turno": "2018-11-12T20:40:03Z"}}, {"model": "GestionDePracticas.practicaservicio", "pk": 1, "fields": {"practica": 1, "servicio": 5, "cantidad": 1, "precio": "250.00"}}, {"model": "GestionDePracticas.practicaservicio", "pk": 2, "fields": {"practica": 2, "servicio": 1, "cantidad": 3, "precio": "888.00"}}, {"model": "GestionDePracticas.practicaservicio", "pk": 3, "fields": {"practica": 3, "servicio": 5, "cantidad": 1, "precio": "250.00"}}, {"model": "GestionDePracticas.practicaservicio", "pk": 4, "fields": {"practica": 4, "servicio": 1, "cantidad": 1, "precio": "1000.00"}}, {"model": "GestionDePracticas.practicaservicio", "pk": 5, "fields": {"practica": 4, "servicio": 3, "cantidad": 2, "precio": "300.00"}}, {"model": "GestionDePracticas.practicaservicio", "pk": 6, "fields": {"practica": 5, "servicio": 1, "cantidad": 1, "precio": "1000.00"}}, {"model": "GestionDePracticas.practicaservicio", "pk": 7, "fields": {"practica": 6, "servicio": 1, "cantidad": 1, "precio": "1000.00"}}, {"model": "GestionDePracticas.practicaservicio", "pk": 8, "fields": {"practica": 7, "servicio": 3, "cantidad": 2, "precio": "300.00"}}, {"model": "GestionDePracticas.practicaservicio", "pk": 9, "fields": {"practica": 8, "servicio": 2, "cantidad": 4, "precio": "500.00"}}, {"model": "GestionDePracticas.practicaservicio", "pk": 10, "fields": {"practica": 9, "servicio": 1, "cantidad": 2, "precio": "1000.00"}}, {"model": "GestionDePracticas.practicaservicio", "pk": 11, "fields": {"practica": 10, "servicio": 5, "cantidad": 4, "precio": "250.00"}}, {"model": "GestionDePracticas.practicaservicio", "pk": 12, "fields": {"practica": 11, "servicio": 5, "cantidad": 22, "precio": "250.00"}}, {"model": "GestionDePracticas.practicaservicio", "pk": 13, "fields": {"practica": 9, "servicio": 2, "cantidad": 2, "precio": "0.00"}}, {"model": "GestionDePracticas.practicaproducto", "pk": 1, "fields": {"practica": 1, "producto": 1, "cantidad": 1, "precio": "120.00"}}, {"model": "GestionDePracticas.practicaproducto", "pk": 2, "fields": {"practica": 1, "producto": 5, "cantidad": 1, "precio": "100.00"}}, {"model": "GestionDePracticas.practicaproducto", "pk": 3, "fields": {"practica": 3, "producto": 8, "cantidad": 2, "precio": "40.00"}}, {"model": "GestionDePracticas.practicaproducto", "pk": 4, "fields": {"practica": 3, "producto": 1, "cantidad": 1, "precio": "120.00"}}, {"model": "GestionDePracticas.practicaproducto", "pk": 5, "fields": {"practica": 3, "producto": 2, "cantidad": 1, "precio": "200.00"}}, {"model": "GestionDePracticas.practicaproducto", "pk": 6, "fields": {"practica": 3, "producto": 5, "cantidad": 1, "precio": "100.00"}}, {"model": "GestionDePracticas.practicaproducto", "pk": 7, "fields": {"practica": 4, "producto": 2, "cantidad": 20, "precio": "200.00"}}, {"model": "GestionDePracticas.practicaproducto", "pk": 8, "fields": {"practica": 4, "producto": 3, "cantidad": 2, "precio": "400.00"}}, {"model": "GestionDePracticas.practicaproducto", "pk": 9, "fields": {"practica": 4, "producto": 4, "cantidad": 4, "precio": "500.00"}}, {"model": "GestionDePracticas.practicaproducto", "pk": 10, "fields": {"practica": 4, "producto": 5, "cantidad": 2, "precio": "100.00"}}, {"model": "GestionDePracticas.practicaproducto", "pk": 11, "fields": {"practica": 4, "producto": 6, "cantidad": 2, "precio": "10.00"}}, {"model": "GestionDePracticas.practicaproducto", "pk": 12, "fields": {"practica": 4, "producto": 7, "cantidad": 41, "precio": "300.00"}}, {"model": "GestionDePracticas.practicaproducto", "pk": 13, "fields": {"practica": 4, "producto": 9, "cantidad": 4, "precio": "20.00"}}, {"model": "GestionDePracticas.practicaproducto", "pk": 14, "fields": {"practica": 5, "producto": 7, "cantidad": 1, "precio": "300.00"}}, {"model": "GestionDePracticas.practicaproducto", "pk": 15, "fields": {"practica": 6, "producto": 7, "cantidad": 1, "precio": "300.00"}}, {"model": "GestionDePracticas.practicaproducto", "pk": 16, "fields": {"practica": 7, "producto": 2, "cantidad": 20, "precio": "200.00"}}, {"model": "GestionDePracticas.practicaproducto", "pk": 17, "fields": {"practica": 7, "producto": 3, "cantidad": 2, "precio": "400.00"}}, {"model": "GestionDePracticas.practicaproducto", "pk": 18, "fields": {"practica": 7, "producto": 4, "cantidad": 4, "precio": "500.00"}}, {"model": "GestionDePracticas.practicaproducto", "pk": 19, "fields": {"practica": 7, "producto": 5, "cantidad": 2, "precio": "100.00"}}, {"model": "GestionDePracticas.practicaproducto", "pk": 20, "fields": {"practica": 7, "producto": 6, "cantidad": 2, "precio": "10.00"}}, {"model": "GestionDePracticas.practicaproducto", "pk": 21, "fields": {"practica": 7, "producto": 7, "cantidad": 40, "precio": "300.00"}}, {"model": "GestionDePracticas.practicaproducto", "pk": 22, "fields": {"practica": 7, "producto": 9, "cantidad": 4, "precio": "20.00"}}, {"model": "GestionDePracticas.practicaproducto", "pk": 23, "fields": {"practica": 8, "producto": 8, "cantidad": 16, "precio": "40.00"}}, {"model": "GestionDePracticas.practicaproducto", "pk": 24, "fields": {"practica": 8, "producto": 5, "cantidad": 12, "precio": "100.00"}}, {"model": "GestionDePracticas.practicaproducto", "pk": 25, "fields": {"practica": 8, "producto": 6, "cantidad": 200, "precio": "10.00"}}, {"model": "GestionDePracticas.practicaproducto", "pk": 26, "fields": {"practica": 9, "producto": 7, "cantidad": 2, "precio": "300.00"}}, {"model": "GestionDePracticas.practicaproducto", "pk": 27, "fields": {"practica": 10, "producto": 8, "cantidad": 8, "precio": "40.00"}}, {"model": "GestionDePracticas.practicaproducto", "pk": 28, "fields": {"practica": 10, "producto": 1, "cantidad": 4, "precio": "120.00"}}, {"model": "GestionDePracticas.practicaproducto", "pk": 29, "fields": {"practica": 10, "producto": 2, "cantidad": 4, "precio": "200.00"}}, {"model": "GestionDePracticas.practicaproducto", "pk": 30, "fields": {"practica": 10, "producto": 5, "cantidad": 4, "precio": "100.00"}}, {"model": "GestionDePracticas.practicaproducto", "pk": 31, "fields": {"practica": 11, "producto": 8, "cantidad": 44, "precio": "40.00"}}, {"model": "GestionDePracticas.practicaproducto", "pk": 32, "fields": {"practica": 11, "producto": 1, "cantidad": 22, "precio": "120.00"}}, {"model": "GestionDePracticas.practicaproducto", "pk": 33, "fields": {"practica": 11, "producto": 2, "cantidad": 22, "precio": "200.00"}}, {"model": "GestionDePracticas.practicaproducto", "pk": 34, "fields": {"practica": 11, "producto": 5, "cantidad": 22, "precio": "100.00"}}, {"model": "GestionDePracticas.estado", "pk": 1, "fields": {"marca": "2018-11-08T21:15:50.373Z", "practica": 1, "tipo": 1, "usuario": null}}, {"model": "GestionDePracticas.estado", "pk": 2, "fields": {"marca": "2018-11-07T02:39:46.018Z", "practica": 1, "tipo": 3, "usuario": null}}, {"model": "GestionDePracticas.estado", "pk": 3, "fields": {"marca": "2018-11-07T02:40:33.684Z", "practica": 2, "tipo": 1, "usuario": null}}, {"model": "GestionDePracticas.estado", "pk": 4, "fields": {"marca": "2018-11-07T02:40:33.698Z", "practica": 2, "tipo": 2, "usuario": null}}, {"model": "GestionDePracticas.estado", "pk": 5, "fields": {"marca": "2018-11-07T02:41:06.706Z", "practica": 2, "tipo": 5, "usuario": null}}, {"model": "GestionDePracticas.estado", "pk": 6, "fields": {"marca": "2018-11-10T02:26:52.956Z", "practica": 3, "tipo": 1, "usuario": null}}, {"model": "GestionDePracticas.estado", "pk": 7, "fields": {"marca": "2018-11-10T02:26:52.966Z", "practica": 3, "tipo": 3, "usuario": null}}, {"model": "GestionDePracticas.estado", "pk": 8, "fields": {"marca": "2018-11-10T02:27:41.005Z", "practica": 4, "tipo": 1, "usuario": null}}, {"model": "GestionDePracticas.estado", "pk": 9, "fields": {"marca": "2018-11-10T02:27:41.017Z", "practica": 4, "tipo": 2, "usuario": null}}, {"model": "GestionDePracticas.estado", "pk": 10, "fields": {"marca": "2018-11-10T02:28:56.512Z", "practica": 5, "tipo": 1, "usuario": null}}, {"model": "GestionDePracticas.estado", "pk": 11, "fields": {"marca": "2018-11-10T02:28:56.521Z", "practica": 5, "tipo": 2, "usuario": null}}, {"model": "GestionDePracticas.estado", "pk": 12, "fields": {"marca": "2018-11-10T02:31:47.105Z", "practica": 6, "tipo": 1, "usuario": null}}, {"model": "GestionDePracticas.estado", "pk": 13, "fields": {"marca": "2018-11-10T02:31:47.119Z", "practica": 6, "tipo": 3, "usuario": null}}, {"model": "GestionDePracticas.estado", "pk": 14, "fields": {"marca": "2018-11-10T02:33:09.822Z", "practica": 7, "tipo": 1, "usuario": null}}, {"model": "GestionDePracticas.estado", "pk": 15, "fields": {"marca": "2018-11-10T02:33:09.835Z", "practica": 7, "tipo": 2, "usuario": null}}, {"model": "GestionDePracticas.estado", "pk": 16, "fields": {"marca": "2018-11-10T02:33:36.375Z", "practica": 8, "tipo": 1, "usuario": null}}, {"model": "GestionDePracticas.estado", "pk": 17, "fields": {"marca": "2018-11-10T02:33:36.386Z", "practica": 8, "tipo": 3, "usuario": null}}, {"model": "GestionDePracticas.estado", "pk": 18, "fields": {"marca": "2018-11-10T04:16:51.613Z", "practica": 9, "tipo": 1, "usuario": null}}, {"model": "GestionDePracticas.estado", "pk": 19, "fields": {"marca": "2018-11-10T04:16:51.623Z", "practica": 9, "tipo": 2, "usuario": null}}, {"model": "GestionDePracticas.estado", "pk": 20, "fields": {"marca": "2018-11-11T22:29:32.147Z", "practica": 10, "tipo": 1, "usuario": null}}, {"model": "GestionDePracticas.estado", "pk": 21, "fields": {"marca": "2018-11-11T22:29:32.159Z", "practica": 10, "tipo": 3, "usuario": null}}, {"model": "GestionDePracticas.estado", "pk": 22, "fields": {"marca": "2018-11-12T00:36:30.802Z", "practica": 11, "tipo": 1, "usuario": null}}, {"model": "GestionDePracticas.estado", "pk": 23, "fields": {"marca": "2018-11-12T00:36:30.812Z", "practica": 11, "tipo": 3, "usuario": null}}, {"model": "GestionDePracticas.estado", "pk": 24, "fields": {"marca": "2018-11-16T16:36:58.849Z", "practica": 6, "tipo": 2, "usuario": null}}, {"model": "GestionDePracticas.creada", "pk": 1, "fields": {}}, {"model": "GestionDePracticas.creada", "pk": 3, "fields": {}}, {"model": "GestionDePracticas.creada", "pk": 6, "fields": {}}, {"model": "GestionDePracticas.creada", "pk": 8, "fields": {}}, {"model": "GestionDePracticas.creada", "pk": 10, "fields": {}}, {"model": "GestionDePracticas.creada", "pk": 12, "fields": {}}, {"model": "GestionDePracticas.creada", "pk": 14, "fields": {}}, {"model": "GestionDePracticas.creada", "pk": 16, "fields": {}}, {"model": "GestionDePracticas.creada", "pk": 18, "fields": {}}, {"model": "GestionDePracticas.creada", "pk": 20, "fields": {}}, {"model": "GestionDePracticas.creada", "pk": 22, "fields": {}}, {"model": "GestionDePracticas.programada", "pk": 4, "fields": {"inicio": "2018-12-12T13:00:00Z", "duracion": 20, "motivoReprogramacion": ""}}, {"model": "GestionDePracticas.programada", "pk": 9, "fields": {"inicio": "2012-12-12T14:00:00Z", "duracion": 20, "motivoReprogramacion": ""}}, {"model": "GestionDePracticas.programada", "pk": 11, "fields": {"inicio": "2012-12-12T10:00:00Z", "duracion": 11, "motivoReprogramacion": ""}}, {"model": "GestionDePracticas.programada", "pk": 15, "fields": {"inicio": "2012-12-12T04:00:00Z", "duracion": 22, "motivoReprogramacion": ""}}, {"model": "GestionDePracticas.programada", "pk": 19, "fields": {"inicio": "2012-12-12T05:00:00Z", "duracion": 222, "motivoReprogramacion": ""}}, {"model": "GestionDePracticas.programada", "pk": 24, "fields": {"inicio": "2018-11-14T21:00:00Z", "duracion": 20, "motivoReprogramacion": ""}}, {"model": "GestionDePracticas.presupuestada", "pk": 2, "fields": {"diasMantenimiento": 22}}, {"model": "GestionDePracticas.presupuestada", "pk": 7, "fields": {"diasMantenimiento": 7}}, {"model": "GestionDePracticas.presupuestada", "pk": 13, "fields": {"diasMantenimiento": 11}}, {"model": "GestionDePracticas.presupuestada", "pk": 17, "fields": {"diasMantenimiento": 11}}, {"model": "GestionDePracticas.presupuestada", "pk": 21, "fields": {"diasMantenimiento": 12}}, {"model": "GestionDePracticas.presupuestada", "pk": 23, "fields": {"diasMantenimiento": 22}}, {"model": "GestionDePracticas.realizada", "pk": 5, "fields": {"inicio": "2012-12-12T14:00:00Z", "duracion": 10, "condicionPreviaMascota": "111", "resultados": "1111"}}, {"model": "GestionDePracticas.realizadaservicio", "pk": 1, "fields": {"realizada": 5, "servicio": 1, "cantidad": 3, "precio": "888.00", "observaciones": ""}}, {"model": "GestionDePracticas.realizadaproducto", "pk": 1, "fields": {"realizada": 5, "producto": 1, "cantidad": 12, "precio": "99.00", "observaciones": ""}}]
