[{"model": "GestionDePracticas.practica", "pk": 1, "fields": {"precio": null, "cliente": 1, "mascota": 1, "tipoDeAtencion": 1, "turno": null}}, {"model": "GestionDePracticas.practica", "pk": 2, "fields": {"precio": null, "cliente": 1, "mascota": 1, "tipoDeAtencion": 1, "turno": null}}, {"model": "GestionDePracticas.practica", "pk": 3, "fields": {"precio": null, "cliente": 1, "mascota": 1, "tipoDeAtencion": 1, "turno": null}}, {"model": "GestionDePracticas.practica", "pk": 4, "fields": {"precio": null, "cliente": 5, "mascota": 1, "tipoDeAtencion": 2, "turno": null}}, {"model": "GestionDePracticas.practica", "pk": 5, "fields": {"precio": null, "cliente": 1, "mascota": 3, "tipoDeAtencion": 2, "turno": null}}, {"model": "GestionDePracticas.practica", "pk": 6, "fields": {"precio": null, "cliente": 1, "mascota": 4, "tipoDeAtencion": 2, "turno": null}}, {"model": "GestionDePracticas.practica", "pk": 7, "fields": {"precio": null, "cliente": 6, "mascota": 2, "tipoDeAtencion": 2, "turno": null}}, {"model": "GestionDePracticas.practica", "pk": 8, "fields": {"precio": null, "cliente": 3, "mascota": 4, "tipoDeAtencion": 4, "turno": null}}, {"model": "GestionDePracticas.practica", "pk": 9, "fields": {"precio": null, "cliente": 1, "mascota": 4, "tipoDeAtencion": 2, "turno": null}}, {"model": "GestionDePracticas.practica", "pk": 10, "fields": {"precio": null, "cliente": 6, "mascota": 4, "tipoDeAtencion": 3, "turno": null}}, {"model": "GestionDePracticas.practica", "pk": 11, "fields": {"precio": null, "cliente": 6, "mascota": 4, "tipoDeAtencion": 5, "turno": null}}, {"model": "GestionDePracticas.practica", "pk": 12, "fields": {"precio": null, "cliente": 2, "mascota": 4, "tipoDeAtencion": 3, "turno": null}}, {"model": "GestionDePracticas.practica", "pk": 13, "fields": {"precio": null, "cliente": 2, "mascota": 4, "tipoDeAtencion": 3, "turno": null}}, {"model": "GestionDePracticas.practica", "pk": 14, "fields": {"precio": null, "cliente": 6, "mascota": 4, "tipoDeAtencion": 5, "turno": null}}, {"model": "GestionDePracticas.practica", "pk": 15, "fields": {"precio": null, "cliente": 5, "mascota": 4, "tipoDeAtencion": 6, "turno": null}}, {"model": "GestionDePracticas.practica", "pk": 16, "fields": {"precio": null, "cliente": 3, "mascota": 4, "tipoDeAtencion": 2, "turno": null}}, {"model": "GestionDePracticas.practica", "pk": 17, "fields": {"precio": null, "cliente": 3, "mascota": 4, "tipoDeAtencion": 2, "turno": "2012-12-12T16:00:00Z"}}, {"model": "GestionDePracticas.practica", "pk": 18, "fields": {"precio": null, "cliente": 5, "mascota": 4, "tipoDeAtencion": 2, "turno": null}}, {"model": "GestionDePracticas.practica", "pk": 19, "fields": {"precio": null, "cliente": 3, "mascota": 4, "tipoDeAtencion": 3, "turno": null}}, {"model": "GestionDePracticas.practica", "pk": 20, "fields": {"precio": null, "cliente": 3, "mascota": 4, "tipoDeAtencion": 3, "turno": null}}, {"model": "GestionDePracticas.practica", "pk": 21, "fields": {"precio": null, "cliente": 3, "mascota": 4, "tipoDeAtencion": 5, "turno": null}}, {"model": "GestionDePracticas.practica", "pk": 22, "fields": {"precio": null, "cliente": 6, "mascota": 4, "tipoDeAtencion": 2, "turno": "2012-12-12T12:00:00Z"}}, {"model": "GestionDePracticas.practica", "pk": 23, "fields": {"precio": null, "cliente": 2, "mascota": 4, "tipoDeAtencion": 2, "turno": "2012-12-12T18:00:00Z"}}, {"model": "GestionDePracticas.practica", "pk": 24, "fields": {"precio": null, "cliente": 6, "mascota": 4, "tipoDeAtencion": 3, "turno": null}}, {"model": "GestionDePracticas.practicaservicio", "pk": 1, "fields": {"practica": 1, "servicio": 5, "cantidad": 1, "precio": "250.00"}}, {"model": "GestionDePracticas.practicaservicio", "pk": 2, "fields": {"practica": 2, "servicio": 1, "cantidad": 3, "precio": "888.00"}}, {"model": "GestionDePracticas.practicaservicio", "pk": 3, "fields": {"practica": 3, "servicio": 5, "cantidad": 1, "precio": "250.00"}}, {"model": "GestionDePracticas.practicaservicio", "pk": 4, "fields": {"practica": 4, "servicio": 1, "cantidad": 1, "precio": "1000.00"}}, {"model": "GestionDePracticas.practicaservicio", "pk": 5, "fields": {"practica": 4, "servicio": 3, "cantidad": 2, "precio": "300.00"}}, {"model": "GestionDePracticas.practicaservicio", "pk": 6, "fields": {"practica": 5, "servicio": 1, "cantidad": 1, "precio": "1000.00"}}, {"model": "GestionDePracticas.practicaservicio", "pk": 7, "fields": {"practica": 6, "servicio": 1, "cantidad": 1, "precio": "1000.00"}}, {"model": "GestionDePracticas.practicaservicio", "pk": 8, "fields": {"practica": 7, "servicio": 3, "cantidad": 2, "precio": "300.00"}}, {"model": "GestionDePracticas.practicaservicio", "pk": 9, "fields": {"practica": 8, "servicio": 2, "cantidad": 4, "precio": "500.00"}}, {"model": "GestionDePracticas.practicaservicio", "pk": 10, "fields": {"practica": 9, "servicio": 1, "cantidad": 2, "precio": "1000.00"}}, {"model": "GestionDePracticas.practicaservicio", "pk": 11, "fields": {"practica": 10, "servicio": 5, "cantidad": 4, "precio": "250.00"}}, {"model": "GestionDePracticas.practicaservicio", "pk": 12, "fields": {"practica": 11, "servicio": 5, "cantidad": 22, "precio": "250.00"}}, {"model": "GestionDePracticas.practicaservicio", "pk": 13, "fields": {"practica": 12, "servicio": 5, "cantidad": 5, "precio": "250.00"}}, {"model": "GestionDePracticas.practicaservicio", "pk": 14, "fields": {"practica": 13, "servicio": 5, "cantidad": 2, "precio": "250.00"}}, {"model": "GestionDePracticas.practicaservicio", "pk": 15, "fields": {"practica": 14, "servicio": 5, "cantidad": 3, "precio": "250.00"}}, {"model": "GestionDePracticas.practicaservicio", "pk": 16, "fields": {"practica": 15, "servicio": 1, "cantidad": 1, "precio": "1000.00"}}, {"model": "GestionDePracticas.practicaservicio", "pk": 17, "fields": {"practica": 15, "servicio": 2, "cantidad": 2, "precio": "500.00"}}, {"model": "GestionDePracticas.practicaservicio", "pk": 18, "fields": {"practica": 16, "servicio": 1, "cantidad": 1, "precio": "1000.00"}}, {"model": "GestionDePracticas.practicaservicio", "pk": 19, "fields": {"practica": 17, "servicio": 3, "cantidad": 33, "precio": "300.00"}}, {"model": "GestionDePracticas.practicaservicio", "pk": 20, "fields": {"practica": 18, "servicio": 1, "cantidad": 44, "precio": "1000.00"}}, {"model": "GestionDePracticas.practicaservicio", "pk": 21, "fields": {"practica": 19, "servicio": 5, "cantidad": 2, "precio": "250.00"}}, {"model": "GestionDePracticas.practicaservicio", "pk": 22, "fields": {"practica": 20, "servicio": 5, "cantidad": 33, "precio": "250.00"}}, {"model": "GestionDePracticas.practicaservicio", "pk": 23, "fields": {"practica": 21, "servicio": 5, "cantidad": 22, "precio": "250.00"}}, {"model": "GestionDePracticas.practicaservicio", "pk": 24, "fields": {"practica": 22, "servicio": 1, "cantidad": 4, "precio": "1000.00"}}, {"model": "GestionDePracticas.practicaservicio", "pk": 25, "fields": {"practica": 22, "servicio": 2, "cantidad": 2, "precio": "500.00"}}, {"model": "GestionDePracticas.practicaservicio", "pk": 26, "fields": {"practica": 23, "servicio": 2, "cantidad": 22, "precio": "500.00"}}, {"model": "GestionDePracticas.practicaservicio", "pk": 27, "fields": {"practica": 24, "servicio": 5, "cantidad": 20, "precio": "250.00"}}, {"model": "GestionDePracticas.practicaproducto", "pk": 1, "fields": {"practica": 1, "producto": 1, "cantidad": 1, "precio": "120.00"}}, {"model": "GestionDePracticas.practicaproducto", "pk": 2, "fields": {"practica": 1, "producto": 5, "cantidad": 1, "precio": "100.00"}}, {"model": "GestionDePracticas.practicaproducto", "pk": 3, "fields": {"practica": 3, "producto": 8, "cantidad": 2, "precio": "40.00"}}, {"model": "GestionDePracticas.practicaproducto", "pk": 4, "fields": {"practica": 3, "producto": 1, "cantidad": 1, "precio": "120.00"}}, {"model": "GestionDePracticas.practicaproducto", "pk": 5, "fields": {"practica": 3, "producto": 2, "cantidad": 1, "precio": "200.00"}}, {"model": "GestionDePracticas.practicaproducto", "pk": 6, "fields": {"practica": 3, "producto": 5, "cantidad": 1, "precio": "100.00"}}, {"model": "GestionDePracticas.practicaproducto", "pk": 7, "fields": {"practica": 4, "producto": 2, "cantidad": 20, "precio": "200.00"}}, {"model": "GestionDePracticas.practicaproducto", "pk": 8, "fields": {"practica": 4, "producto": 3, "cantidad": 2, "precio": "400.00"}}, {"model": "GestionDePracticas.practicaproducto", "pk": 9, "fields": {"practica": 4, "producto": 4, "cantidad": 4, "precio": "500.00"}}, {"model": "GestionDePracticas.practicaproducto", "pk": 10, "fields": {"practica": 4, "producto": 5, "cantidad": 2, "precio": "100.00"}}, {"model": "GestionDePracticas.practicaproducto", "pk": 11, "fields": {"practica": 4, "producto": 6, "cantidad": 2, "precio": "10.00"}}, {"model": "GestionDePracticas.practicaproducto", "pk": 12, "fields": {"practica": 4, "producto": 7, "cantidad": 41, "precio": "300.00"}}, {"model": "GestionDePracticas.practicaproducto", "pk": 13, "fields": {"practica": 4, "producto": 9, "cantidad": 4, "precio": "20.00"}}, {"model": "GestionDePracticas.practicaproducto", "pk": 14, "fields": {"practica": 5, "producto": 7, "cantidad": 1, "precio": "300.00"}}, {"model": "GestionDePracticas.practicaproducto", "pk": 15, "fields": {"practica": 6, "producto": 7, "cantidad": 1, "precio": "300.00"}}, {"model": "GestionDePracticas.practicaproducto", "pk": 16, "fields": {"practica": 7, "producto": 2, "cantidad": 20, "precio": "200.00"}}, {"model": "GestionDePracticas.practicaproducto", "pk": 17, "fields": {"practica": 7, "producto": 3, "cantidad": 2, "precio": "400.00"}}, {"model": "GestionDePracticas.practicaproducto", "pk": 18, "fields": {"practica": 7, "producto": 4, "cantidad": 4, "precio": "500.00"}}, {"model": "GestionDePracticas.practicaproducto", "pk": 19, "fields": {"practica": 7, "producto": 5, "cantidad": 2, "precio": "100.00"}}, {"model": "GestionDePracticas.practicaproducto", "pk": 20, "fields": {"practica": 7, "producto": 6, "cantidad": 2, "precio": "10.00"}}, {"model": "GestionDePracticas.practicaproducto", "pk": 21, "fields": {"practica": 7, "producto": 7, "cantidad": 40, "precio": "300.00"}}, {"model": "GestionDePracticas.practicaproducto", "pk": 22, "fields": {"practica": 7, "producto": 9, "cantidad": 4, "precio": "20.00"}}, {"model": "GestionDePracticas.practicaproducto", "pk": 23, "fields": {"practica": 8, "producto": 8, "cantidad": 16, "precio": "40.00"}}, {"model": "GestionDePracticas.practicaproducto", "pk": 24, "fields": {"practica": 8, "producto": 5, "cantidad": 12, "precio": "100.00"}}, {"model": "GestionDePracticas.practicaproducto", "pk": 25, "fields": {"practica": 8, "producto": 6, "cantidad": 200, "precio": "10.00"}}, {"model": "GestionDePracticas.practicaproducto", "pk": 26, "fields": {"practica": 9, "producto": 7, "cantidad": 2, "precio": "300.00"}}, {"model": "GestionDePracticas.practicaproducto", "pk": 27, "fields": {"practica": 10, "producto": 8, "cantidad": 8, "precio": "40.00"}}, {"model": "GestionDePracticas.practicaproducto", "pk": 28, "fields": {"practica": 10, "producto": 1, "cantidad": 4, "precio": "120.00"}}, {"model": "GestionDePracticas.practicaproducto", "pk": 29, "fields": {"practica": 10, "producto": 2, "cantidad": 4, "precio": "200.00"}}, {"model": "GestionDePracticas.practicaproducto", "pk": 30, "fields": {"practica": 10, "producto": 5, "cantidad": 4, "precio": "100.00"}}, {"model": "GestionDePracticas.practicaproducto", "pk": 31, "fields": {"practica": 11, "producto": 8, "cantidad": 44, "precio": "40.00"}}, {"model": "GestionDePracticas.practicaproducto", "pk": 32, "fields": {"practica": 11, "producto": 1, "cantidad": 22, "precio": "120.00"}}, {"model": "GestionDePracticas.practicaproducto", "pk": 33, "fields": {"practica": 11, "producto": 2, "cantidad": 22, "precio": "200.00"}}, {"model": "GestionDePracticas.practicaproducto", "pk": 34, "fields": {"practica": 11, "producto": 5, "cantidad": 22, "precio": "100.00"}}, {"model": "GestionDePracticas.practicaproducto", "pk": 35, "fields": {"practica": 12, "producto": 8, "cantidad": 10, "precio": "40.00"}}, {"model": "GestionDePracticas.practicaproducto", "pk": 36, "fields": {"practica": 12, "producto": 1, "cantidad": 5, "precio": "120.00"}}, {"model": "GestionDePracticas.practicaproducto", "pk": 37, "fields": {"practica": 12, "producto": 2, "cantidad": 5, "precio": "200.00"}}, {"model": "GestionDePracticas.practicaproducto", "pk": 38, "fields": {"practica": 12, "producto": 5, "cantidad": 5, "precio": "100.00"}}, {"model": "GestionDePracticas.practicaproducto", "pk": 39, "fields": {"practica": 12, "producto": 6, "cantidad": 3, "precio": "10.00"}}, {"model": "GestionDePracticas.practicaproducto", "pk": 40, "fields": {"practica": 13, "producto": 8, "cantidad": 4, "precio": "40.00"}}, {"model": "GestionDePracticas.practicaproducto", "pk": 41, "fields": {"practica": 13, "producto": 1, "cantidad": 2, "precio": "120.00"}}, {"model": "GestionDePracticas.practicaproducto", "pk": 42, "fields": {"practica": 13, "producto": 2, "cantidad": 2, "precio": "200.00"}}, {"model": "GestionDePracticas.practicaproducto", "pk": 43, "fields": {"practica": 13, "producto": 5, "cantidad": 2, "precio": "100.00"}}, {"model": "GestionDePracticas.practicaproducto", "pk": 44, "fields": {"practica": 14, "producto": 8, "cantidad": 6, "precio": "40.00"}}, {"model": "GestionDePracticas.practicaproducto", "pk": 45, "fields": {"practica": 14, "producto": 1, "cantidad": 3, "precio": "120.00"}}, {"model": "GestionDePracticas.practicaproducto", "pk": 46, "fields": {"practica": 14, "producto": 2, "cantidad": 3, "precio": "200.00"}}, {"model": "GestionDePracticas.practicaproducto", "pk": 47, "fields": {"practica": 14, "producto": 5, "cantidad": 3, "precio": "100.00"}}, {"model": "GestionDePracticas.practicaproducto", "pk": 48, "fields": {"practica": 15, "producto": 8, "cantidad": 8, "precio": "40.00"}}, {"model": "GestionDePracticas.practicaproducto", "pk": 49, "fields": {"practica": 15, "producto": 5, "cantidad": 6, "precio": "100.00"}}, {"model": "GestionDePracticas.practicaproducto", "pk": 50, "fields": {"practica": 15, "producto": 6, "cantidad": 100, "precio": "10.00"}}, {"model": "GestionDePracticas.practicaproducto", "pk": 51, "fields": {"practica": 15, "producto": 7, "cantidad": 1, "precio": "300.00"}}, {"model": "GestionDePracticas.practicaproducto", "pk": 52, "fields": {"practica": 16, "producto": 7, "cantidad": 1, "precio": "300.00"}}, {"model": "GestionDePracticas.practicaproducto", "pk": 53, "fields": {"practica": 17, "producto": 2, "cantidad": 330, "precio": "200.00"}}, {"model": "GestionDePracticas.practicaproducto", "pk": 54, "fields": {"practica": 17, "producto": 3, "cantidad": 33, "precio": "400.00"}}, {"model": "GestionDePracticas.practicaproducto", "pk": 55, "fields": {"practica": 17, "producto": 4, "cantidad": 66, "precio": "500.00"}}, {"model": "GestionDePracticas.practicaproducto", "pk": 56, "fields": {"practica": 17, "producto": 5, "cantidad": 33, "precio": "100.00"}}, {"model": "GestionDePracticas.practicaproducto", "pk": 57, "fields": {"practica": 17, "producto": 6, "cantidad": 33, "precio": "10.00"}}, {"model": "GestionDePracticas.practicaproducto", "pk": 58, "fields": {"practica": 17, "producto": 7, "cantidad": 660, "precio": "300.00"}}, {"model": "GestionDePracticas.practicaproducto", "pk": 59, "fields": {"practica": 17, "producto": 9, "cantidad": 66, "precio": "20.00"}}, {"model": "GestionDePracticas.practicaproducto", "pk": 60, "fields": {"practica": 18, "producto": 7, "cantidad": 44, "precio": "300.00"}}, {"model": "GestionDePracticas.practicaproducto", "pk": 61, "fields": {"practica": 19, "producto": 8, "cantidad": 4, "precio": "40.00"}}, {"model": "GestionDePracticas.practicaproducto", "pk": 62, "fields": {"practica": 19, "producto": 1, "cantidad": 2, "precio": "120.00"}}, {"model": "GestionDePracticas.practicaproducto", "pk": 63, "fields": {"practica": 19, "producto": 2, "cantidad": 2, "precio": "200.00"}}, {"model": "GestionDePracticas.practicaproducto", "pk": 64, "fields": {"practica": 19, "producto": 5, "cantidad": 2, "precio": "100.00"}}, {"model": "GestionDePracticas.practicaproducto", "pk": 65, "fields": {"practica": 19, "producto": 9, "cantidad": 4, "precio": "20.00"}}, {"model": "GestionDePracticas.practicaproducto", "pk": 66, "fields": {"practica": 20, "producto": 8, "cantidad": 66, "precio": "40.00"}}, {"model": "GestionDePracticas.practicaproducto", "pk": 67, "fields": {"practica": 20, "producto": 1, "cantidad": 33, "precio": "120.00"}}, {"model": "GestionDePracticas.practicaproducto", "pk": 68, "fields": {"practica": 20, "producto": 2, "cantidad": 33, "precio": "200.00"}}, {"model": "GestionDePracticas.practicaproducto", "pk": 69, "fields": {"practica": 20, "producto": 5, "cantidad": 33, "precio": "100.00"}}, {"model": "GestionDePracticas.practicaproducto", "pk": 70, "fields": {"practica": 21, "producto": 8, "cantidad": 44, "precio": "40.00"}}, {"model": "GestionDePracticas.practicaproducto", "pk": 71, "fields": {"practica": 21, "producto": 1, "cantidad": 22, "precio": "120.00"}}, {"model": "GestionDePracticas.practicaproducto", "pk": 72, "fields": {"practica": 21, "producto": 2, "cantidad": 22, "precio": "200.00"}}, {"model": "GestionDePracticas.practicaproducto", "pk": 73, "fields": {"practica": 21, "producto": 5, "cantidad": 22, "precio": "100.00"}}, {"model": "GestionDePracticas.practicaproducto", "pk": 74, "fields": {"practica": 22, "producto": 8, "cantidad": 8, "precio": "40.00"}}, {"model": "GestionDePracticas.practicaproducto", "pk": 75, "fields": {"practica": 22, "producto": 5, "cantidad": 6, "precio": "100.00"}}, {"model": "GestionDePracticas.practicaproducto", "pk": 76, "fields": {"practica": 22, "producto": 6, "cantidad": 100, "precio": "10.00"}}, {"model": "GestionDePracticas.practicaproducto", "pk": 77, "fields": {"practica": 22, "producto": 7, "cantidad": 4, "precio": "300.00"}}, {"model": "GestionDePracticas.practicaproducto", "pk": 78, "fields": {"practica": 22, "producto": 4, "cantidad": 22, "precio": "500.00"}}, {"model": "GestionDePracticas.practicaproducto", "pk": 79, "fields": {"practica": 22, "producto": 9, "cantidad": 31, "precio": "20.00"}}, {"model": "GestionDePracticas.practicaproducto", "pk": 80, "fields": {"practica": 23, "producto": 8, "cantidad": 88, "precio": "40.00"}}, {"model": "GestionDePracticas.practicaproducto", "pk": 81, "fields": {"practica": 23, "producto": 5, "cantidad": 66, "precio": "100.00"}}, {"model": "GestionDePracticas.practicaproducto", "pk": 82, "fields": {"practica": 23, "producto": 6, "cantidad": 1100, "precio": "10.00"}}, {"model": "GestionDePracticas.practicaproducto", "pk": 83, "fields": {"practica": 24, "producto": 8, "cantidad": 40, "precio": "40.00"}}, {"model": "GestionDePracticas.practicaproducto", "pk": 84, "fields": {"practica": 24, "producto": 1, "cantidad": 20, "precio": "120.00"}}, {"model": "GestionDePracticas.practicaproducto", "pk": 85, "fields": {"practica": 24, "producto": 2, "cantidad": 20, "precio": "200.00"}}, {"model": "GestionDePracticas.practicaproducto", "pk": 86, "fields": {"practica": 24, "producto": 5, "cantidad": 20, "precio": "100.00"}}, {"model": "GestionDePracticas.estado", "pk": 1, "fields": {"marca": "2018-11-08T21:15:50.373Z", "practica": 1, "tipo": 1, "usuario": null}}, {"model": "GestionDePracticas.estado", "pk": 2, "fields": {"marca": "2018-11-07T02:39:46.018Z", "practica": 1, "tipo": 3, "usuario": null}}, {"model": "GestionDePracticas.estado", "pk": 3, "fields": {"marca": "2018-11-07T02:40:33.684Z", "practica": 2, "tipo": 1, "usuario": null}}, {"model": "GestionDePracticas.estado", "pk": 4, "fields": {"marca": "2018-11-07T02:40:33.698Z", "practica": 2, "tipo": 2, "usuario": null}}, {"model": "GestionDePracticas.estado", "pk": 5, "fields": {"marca": "2018-11-07T02:41:06.706Z", "practica": 2, "tipo": 5, "usuario": null}}, {"model": "GestionDePracticas.estado", "pk": 6, "fields": {"marca": "2018-11-10T02:26:52.956Z", "practica": 3, "tipo": 1, "usuario": null}}, {"model": "GestionDePracticas.estado", "pk": 7, "fields": {"marca": "2018-11-10T02:26:52.966Z", "practica": 3, "tipo": 3, "usuario": null}}, {"model": "GestionDePracticas.estado", "pk": 8, "fields": {"marca": "2018-11-10T02:27:41.005Z", "practica": 4, "tipo": 1, "usuario": null}}, {"model": "GestionDePracticas.estado", "pk": 9, "fields": {"marca": "2018-11-10T02:27:41.017Z", "practica": 4, "tipo": 2, "usuario": null}}, {"model": "GestionDePracticas.estado", "pk": 10, "fields": {"marca": "2018-11-10T02:28:56.512Z", "practica": 5, "tipo": 1, "usuario": null}}, {"model": "GestionDePracticas.estado", "pk": 11, "fields": {"marca": "2018-11-10T02:28:56.521Z", "practica": 5, "tipo": 2, "usuario": null}}, {"model": "GestionDePracticas.estado", "pk": 12, "fields": {"marca": "2018-11-10T02:31:47.105Z", "practica": 6, "tipo": 1, "usuario": null}}, {"model": "GestionDePracticas.estado", "pk": 13, "fields": {"marca": "2018-11-10T02:31:47.119Z", "practica": 6, "tipo": 3, "usuario": null}}, {"model": "GestionDePracticas.estado", "pk": 14, "fields": {"marca": "2018-11-10T02:33:09.822Z", "practica": 7, "tipo": 1, "usuario": null}}, {"model": "GestionDePracticas.estado", "pk": 15, "fields": {"marca": "2018-11-10T02:33:09.835Z", "practica": 7, "tipo": 2, "usuario": null}}, {"model": "GestionDePracticas.estado", "pk": 16, "fields": {"marca": "2018-11-10T02:33:36.375Z", "practica": 8, "tipo": 1, "usuario": null}}, {"model": "GestionDePracticas.estado", "pk": 17, "fields": {"marca": "2018-11-10T02:33:36.386Z", "practica": 8, "tipo": 3, "usuario": null}}, {"model": "GestionDePracticas.estado", "pk": 18, "fields": {"marca": "2018-11-10T04:16:51.613Z", "practica": 9, "tipo": 1, "usuario": null}}, {"model": "GestionDePracticas.estado", "pk": 19, "fields": {"marca": "2018-11-10T04:16:51.623Z", "practica": 9, "tipo": 2, "usuario": null}}, {"model": "GestionDePracticas.estado", "pk": 20, "fields": {"marca": "2018-11-11T22:29:32.147Z", "practica": 10, "tipo": 1, "usuario": null}}, {"model": "GestionDePracticas.estado", "pk": 21, "fields": {"marca": "2018-11-11T22:29:32.159Z", "practica": 10, "tipo": 3, "usuario": null}}, {"model": "GestionDePracticas.estado", "pk": 22, "fields": {"marca": "2018-11-12T00:36:30.802Z", "practica": 11, "tipo": 1, "usuario": null}}, {"model": "GestionDePracticas.estado", "pk": 23, "fields": {"marca": "2018-11-12T00:36:30.812Z", "practica": 11, "tipo": 3, "usuario": null}}, {"model": "GestionDePracticas.estado", "pk": 24, "fields": {"marca": "2018-11-13T16:30:15.819Z", "practica": 12, "tipo": 1, "usuario": null}}, {"model": "GestionDePracticas.estado", "pk": 25, "fields": {"marca": "2018-11-13T16:30:15.830Z", "practica": 12, "tipo": 3, "usuario": null}}, {"model": "GestionDePracticas.estado", "pk": 26, "fields": {"marca": "2018-11-13T22:09:26.411Z", "practica": 13, "tipo": 1, "usuario": null}}, {"model": "GestionDePracticas.estado", "pk": 27, "fields": {"marca": "2018-11-13T22:09:26.421Z", "practica": 13, "tipo": 5, "usuario": null}}, {"model": "GestionDePracticas.estado", "pk": 28, "fields": {"marca": "2018-11-13T22:11:43.488Z", "practica": 14, "tipo": 1, "usuario": null}}, {"model": "GestionDePracticas.estado", "pk": 29, "fields": {"marca": "2018-11-13T22:11:43.498Z", "practica": 14, "tipo": 3, "usuario": null}}, {"model": "GestionDePracticas.estado", "pk": 30, "fields": {"marca": "2018-11-13T22:12:09.105Z", "practica": 15, "tipo": 1, "usuario": null}}, {"model": "GestionDePracticas.estado", "pk": 31, "fields": {"marca": "2018-11-13T22:12:09.116Z", "practica": 15, "tipo": 3, "usuario": null}}, {"model": "GestionDePracticas.estado", "pk": 32, "fields": {"marca": "2018-11-13T22:33:35.357Z", "practica": 16, "tipo": 1, "usuario": null}}, {"model": "GestionDePracticas.estado", "pk": 33, "fields": {"marca": "2018-11-13T22:33:35.370Z", "practica": 16, "tipo": 3, "usuario": null}}, {"model": "GestionDePracticas.estado", "pk": 34, "fields": {"marca": "2018-11-13T22:34:01.735Z", "practica": 17, "tipo": 1, "usuario": null}}, {"model": "GestionDePracticas.estado", "pk": 35, "fields": {"marca": "2018-11-13T22:34:01.748Z", "practica": 17, "tipo": 2, "usuario": null}}, {"model": "GestionDePracticas.estado", "pk": 36, "fields": {"marca": "2018-11-13T22:34:31.232Z", "practica": 18, "tipo": 1, "usuario": null}}, {"model": "GestionDePracticas.estado", "pk": 37, "fields": {"marca": "2018-11-13T22:34:31.241Z", "practica": 18, "tipo": 5, "usuario": null}}, {"model": "GestionDePracticas.estado", "pk": 38, "fields": {"marca": "2018-11-13T22:37:54.390Z", "practica": 19, "tipo": 1, "usuario": null}}, {"model": "GestionDePracticas.estado", "pk": 39, "fields": {"marca": "2018-11-13T22:37:54.400Z", "practica": 19, "tipo": 3, "usuario": null}}, {"model": "GestionDePracticas.estado", "pk": 40, "fields": {"marca": "2018-11-13T22:38:14.406Z", "practica": 20, "tipo": 1, "usuario": null}}, {"model": "GestionDePracticas.estado", "pk": 41, "fields": {"marca": "2018-11-13T22:38:14.415Z", "practica": 20, "tipo": 5, "usuario": null}}, {"model": "GestionDePracticas.estado", "pk": 42, "fields": {"marca": "2018-11-13T22:44:52.046Z", "practica": 21, "tipo": 1, "usuario": null}}, {"model": "GestionDePracticas.estado", "pk": 43, "fields": {"marca": "2018-11-13T22:44:52.056Z", "practica": 21, "tipo": 3, "usuario": null}}, {"model": "GestionDePracticas.estado", "pk": 44, "fields": {"marca": "2018-11-13T22:45:56.298Z", "practica": 22, "tipo": 1, "usuario": null}}, {"model": "GestionDePracticas.estado", "pk": 45, "fields": {"marca": "2018-11-13T22:45:56.320Z", "practica": 22, "tipo": 2, "usuario": null}}, {"model": "GestionDePracticas.estado", "pk": 46, "fields": {"marca": "2018-11-13T23:12:29.497Z", "practica": 23, "tipo": 1, "usuario": null}}, {"model": "GestionDePracticas.estado", "pk": 47, "fields": {"marca": "2018-11-13T23:12:29.515Z", "practica": 23, "tipo": 2, "usuario": null}}, {"model": "GestionDePracticas.estado", "pk": 48, "fields": {"marca": "2018-11-13T23:25:36.389Z", "practica": 24, "tipo": 1, "usuario": null}}, {"model": "GestionDePracticas.estado", "pk": 49, "fields": {"marca": "2018-11-13T23:25:36.398Z", "practica": 24, "tipo": 3, "usuario": null}}, {"model": "GestionDePracticas.creada", "pk": 1, "fields": {}}, {"model": "GestionDePracticas.creada", "pk": 3, "fields": {}}, {"model": "GestionDePracticas.creada", "pk": 6, "fields": {}}, {"model": "GestionDePracticas.creada", "pk": 8, "fields": {}}, {"model": "GestionDePracticas.creada", "pk": 10, "fields": {}}, {"model": "GestionDePracticas.creada", "pk": 12, "fields": {}}, {"model": "GestionDePracticas.creada", "pk": 14, "fields": {}}, {"model": "GestionDePracticas.creada", "pk": 16, "fields": {}}, {"model": "GestionDePracticas.creada", "pk": 18, "fields": {}}, {"model": "GestionDePracticas.creada", "pk": 20, "fields": {}}, {"model": "GestionDePracticas.creada", "pk": 22, "fields": {}}, {"model": "GestionDePracticas.creada", "pk": 24, "fields": {}}, {"model": "GestionDePracticas.creada", "pk": 26, "fields": {}}, {"model": "GestionDePracticas.creada", "pk": 28, "fields": {}}, {"model": "GestionDePracticas.creada", "pk": 30, "fields": {}}, {"model": "GestionDePracticas.creada", "pk": 32, "fields": {}}, {"model": "GestionDePracticas.creada", "pk": 34, "fields": {}}, {"model": "GestionDePracticas.creada", "pk": 36, "fields": {}}, {"model": "GestionDePracticas.creada", "pk": 38, "fields": {}}, {"model": "GestionDePracticas.creada", "pk": 40, "fields": {}}, {"model": "GestionDePracticas.creada", "pk": 42, "fields": {}}, {"model": "GestionDePracticas.creada", "pk": 44, "fields": {}}, {"model": "GestionDePracticas.creada", "pk": 46, "fields": {}}, {"model": "GestionDePracticas.creada", "pk": 48, "fields": {}}, {"model": "GestionDePracticas.programada", "pk": 4, "fields": {"inicio": "2018-12-12T13:00:00Z", "duracion": 20, "motivoReprogramacion": ""}}, {"model": "GestionDePracticas.programada", "pk": 9, "fields": {"inicio": "2012-12-12T14:00:00Z", "duracion": 20, "motivoReprogramacion": ""}}, {"model": "GestionDePracticas.programada", "pk": 11, "fields": {"inicio": "2012-12-12T10:00:00Z", "duracion": 11, "motivoReprogramacion": ""}}, {"model": "GestionDePracticas.programada", "pk": 15, "fields": {"inicio": "2012-12-12T04:00:00Z", "duracion": 22, "motivoReprogramacion": ""}}, {"model": "GestionDePracticas.programada", "pk": 19, "fields": {"inicio": "2012-12-12T05:00:00Z", "duracion": 222, "motivoReprogramacion": ""}}, {"model": "GestionDePracticas.programada", "pk": 35, "fields": {"inicio": "2012-12-12T16:00:00Z", "duracion": 33, "motivoReprogramacion": ""}}, {"model": "GestionDePracticas.programada", "pk": 45, "fields": {"inicio": "2012-12-12T12:00:00Z", "duracion": 19, "motivoReprogramacion": ""}}, {"model": "GestionDePracticas.programada", "pk": 47, "fields": {"inicio": "2012-12-12T18:00:00Z", "duracion": 33, "motivoReprogramacion": ""}}, {"model": "GestionDePracticas.presupuestada", "pk": 2, "fields": {"diasMantenimiento": 22}}, {"model": "GestionDePracticas.presupuestada", "pk": 7, "fields": {"diasMantenimiento": 7}}, {"model": "GestionDePracticas.presupuestada", "pk": 13, "fields": {"diasMantenimiento": 11}}, {"model": "GestionDePracticas.presupuestada", "pk": 17, "fields": {"diasMantenimiento": 11}}, {"model": "GestionDePracticas.presupuestada", "pk": 21, "fields": {"diasMantenimiento": 12}}, {"model": "GestionDePracticas.presupuestada", "pk": 23, "fields": {"diasMantenimiento": 22}}, {"model": "GestionDePracticas.presupuestada", "pk": 25, "fields": {"diasMantenimiento": 43}}, {"model": "GestionDePracticas.presupuestada", "pk": 29, "fields": {"diasMantenimiento": 6}}, {"model": "GestionDePracticas.presupuestada", "pk": 31, "fields": {"diasMantenimiento": 33}}, {"model": "GestionDePracticas.presupuestada", "pk": 33, "fields": {"diasMantenimiento": 33}}, {"model": "GestionDePracticas.presupuestada", "pk": 39, "fields": {"diasMantenimiento": 23}}, {"model": "GestionDePracticas.presupuestada", "pk": 43, "fields": {"diasMantenimiento": 22}}, {"model": "GestionDePracticas.presupuestada", "pk": 49, "fields": {"diasMantenimiento": 22}}, {"model": "GestionDePracticas.realizada", "pk": 5, "fields": {"inicio": "2012-12-12T14:00:00Z", "duracion": 10, "condicionPreviaMascota": "111", "resultados": "1111"}}, {"model": "GestionDePracticas.realizada", "pk": 27, "fields": {"inicio": "2012-12-12T18:00:00Z", "duracion": 22, "condicionPreviaMascota": "222", "resultados": "222"}}, {"model": "GestionDePracticas.realizada", "pk": 37, "fields": {"inicio": "2012-12-12T18:00:00Z", "duracion": 33, "condicionPreviaMascota": "aaa", "resultados": "aaaa"}}, {"model": "GestionDePracticas.realizada", "pk": 41, "fields": {"inicio": "2012-12-12T18:00:00Z", "duracion": 33, "condicionPreviaMascota": "12", "resultados": "21"}}, {"model": "GestionDePracticas.realizadaservicio", "pk": 1, "fields": {"realizada": 5, "servicio": 1, "cantidad": 3, "precio": "888.00", "observaciones": ""}}, {"model": "GestionDePracticas.realizadaservicio", "pk": 2, "fields": {"realizada": 27, "servicio": 5, "cantidad": 2, "precio": "250.00", "observaciones": ""}}, {"model": "GestionDePracticas.realizadaservicio", "pk": 3, "fields": {"realizada": 37, "servicio": 1, "cantidad": 44, "precio": "1000.00", "observaciones": "dsddsds"}}, {"model": "GestionDePracticas.realizadaservicio", "pk": 4, "fields": {"realizada": 41, "servicio": 5, "cantidad": 33, "precio": "250.00", "observaciones": "asdsadd"}}, {"model": "GestionDePracticas.realizadaproducto", "pk": 1, "fields": {"realizada": 5, "producto": 1, "cantidad": 12, "precio": "99.00", "observaciones": ""}}, {"model": "GestionDePracticas.realizadaproducto", "pk": 2, "fields": {"realizada": 27, "producto": 1, "cantidad": 2, "precio": "120.00", "observaciones": ""}}, {"model": "GestionDePracticas.realizadaproducto", "pk": 3, "fields": {"realizada": 27, "producto": 2, "cantidad": 2, "precio": "200.00", "observaciones": ""}}, {"model": "GestionDePracticas.realizadaproducto", "pk": 4, "fields": {"realizada": 27, "producto": 5, "cantidad": 2, "precio": "100.00", "observaciones": ""}}, {"model": "GestionDePracticas.realizadaproducto", "pk": 5, "fields": {"realizada": 27, "producto": 8, "cantidad": 4, "precio": "40.00", "observaciones": ""}}, {"model": "GestionDePracticas.realizadaproducto", "pk": 6, "fields": {"realizada": 37, "producto": 7, "cantidad": 44, "precio": "300.00", "observaciones": ""}}, {"model": "GestionDePracticas.realizadaproducto", "pk": 7, "fields": {"realizada": 37, "producto": 1, "cantidad": 3, "precio": "120.00", "observaciones": ""}}, {"model": "GestionDePracticas.realizadaproducto", "pk": 8, "fields": {"realizada": 41, "producto": 1, "cantidad": 33, "precio": "120.00", "observaciones": ""}}, {"model": "GestionDePracticas.realizadaproducto", "pk": 9, "fields": {"realizada": 41, "producto": 2, "cantidad": 33, "precio": "200.00", "observaciones": ""}}, {"model": "GestionDePracticas.realizadaproducto", "pk": 10, "fields": {"realizada": 41, "producto": 5, "cantidad": 33, "precio": "100.00", "observaciones": ""}}, {"model": "GestionDePracticas.realizadaproducto", "pk": 11, "fields": {"realizada": 41, "producto": 8, "cantidad": 66, "precio": "40.00", "observaciones": ""}}]