[{"model": "GestionDePracticas.practica", "pk": 1, "fields": {"tipo": "C", "precio": "273.00", "cliente": 3, "mascota": 24, "tipoDeAtencion": 7, "adelanto": null}}, {"model": "GestionDePracticas.practica", "pk": 2, "fields": {"tipo": "C", "precio": "1620.00", "cliente": 2, "mascota": 19, "tipoDeAtencion": 10, "adelanto": null}}, {"model": "GestionDePracticas.practicaservicio", "pk": 1, "fields": {"practica": 1, "servicio": 8, "cantidad": 1, "precio": "200.00"}}, {"model": "GestionDePracticas.practicaservicio", "pk": 2, "fields": {"practica": 2, "servicio": 10, "cantidad": 3, "precio": "200.00"}}, {"model": "GestionDePracticas.practicaservicio", "pk": 3, "fields": {"practica": 2, "servicio": 5, "cantidad": 2, "precio": "250.00"}}, {"model": "GestionDePracticas.practicaproducto", "pk": 1, "fields": {"practica": 1, "producto": 8, "cantidad": 2, "precio": "15.00"}}, {"model": "GestionDePracticas.practicaproducto", "pk": 2, "fields": {"practica": 1, "producto": 9, "cantidad": 1, "precio": "5.00"}}, {"model": "GestionDePracticas.practicaproducto", "pk": 3, "fields": {"practica": 1, "producto": 6, "cantidad": 5, "precio": "5.00"}}, {"model": "GestionDePracticas.practicaproducto", "pk": 4, "fields": {"practica": 2, "producto": 2, "cantidad": 2, "precio": "80.00"}}, {"model": "GestionDePracticas.practicaproducto", "pk": 5, "fields": {"practica": 2, "producto": 8, "cantidad": 10, "precio": "15.00"}}, {"model": "GestionDePracticas.practicaproducto", "pk": 6, "fields": {"practica": 2, "producto": 5, "cantidad": 2, "precio": "20.00"}}, {"model": "GestionDePracticas.practicaproducto", "pk": 7, "fields": {"practica": 2, "producto": 9, "cantidad": 3, "precio": "5.00"}}, {"model": "GestionDePracticas.practicaproducto", "pk": 8, "fields": {"practica": 2, "producto": 6, "cantidad": 3, "precio": "5.00"}}, {"model": "GestionDePracticas.practicaproducto", "pk": 9, "fields": {"practica": 2, "producto": 1, "cantidad": 2, "precio": "70.00"}}, {"model": "GestionDePracticas.estado", "pk": 1, "fields": {"marca": "2019-12-20T11:22:03.243", "practica": 1, "tipo": 1, "usuario": 5}}, {"model": "GestionDePracticas.estado", "pk": 2, "fields": {"marca": "2019-12-20T11:22:03.399", "practica": 1, "tipo": 5, "usuario": 5}}, {"model": "GestionDePracticas.estado", "pk": 3, "fields": {"marca": "2019-12-20T11:22:20.271", "practica": 1, "tipo": 6, "usuario": 5}}, {"model": "GestionDePracticas.estado", "pk": 4, "fields": {"marca": "2019-12-20T11:22:51.325", "practica": 2, "tipo": 1, "usuario": 5}}, {"model": "GestionDePracticas.estado", "pk": 5, "fields": {"marca": "2019-12-20T11:22:51.457", "practica": 2, "tipo": 3, "usuario": 5}}, {"model": "GestionDePracticas.estado", "pk": 6, "fields": {"marca": "2019-12-20T11:26:32.966", "practica": 2, "tipo": 5, "usuario": 5}}, {"model": "GestionDePracticas.estado", "pk": 7, "fields": {"marca": "2019-12-20T11:28:36.185", "practica": 2, "tipo": 6, "usuario": 5}}, {"model": "GestionDePracticas.creada", "pk": 1, "fields": {}}, {"model": "GestionDePracticas.creada", "pk": 4, "fields": {}}, {"model": "GestionDePracticas.presupuestada", "pk": 5, "fields": {"diasMantenimiento": 7}}, {"model": "GestionDePracticas.realizada", "pk": 2, "fields": {"inicio": "2019-12-20T11:02:00", "finalizacion": "2019-12-20T11:22:00", "condicionPreviaMascota": "", "resultados": ""}}, {"model": "GestionDePracticas.realizada", "pk": 6, "fields": {"inicio": "2019-12-20T11:23:00", "finalizacion": "2019-12-20T11:26:00", "condicionPreviaMascota": "", "resultados": ""}}, {"model": "GestionDePracticas.realizadaservicio", "pk": 1, "fields": {"realizada": 2, "servicio": 8, "cantidad": 1, "precio": "200.00", "observaciones": ""}}, {"model": "GestionDePracticas.realizadaservicio", "pk": 2, "fields": {"realizada": 6, "servicio": 5, "cantidad": 2, "precio": "250.00", "observaciones": ""}}, {"model": "GestionDePracticas.realizadaservicio", "pk": 3, "fields": {"realizada": 6, "servicio": 10, "cantidad": 3, "precio": "200.00", "observaciones": ""}}, {"model": "GestionDePracticas.realizadaproducto", "pk": 1, "fields": {"realizada": 2, "producto": 6, "cantidad": 5, "precio": "5.00"}}, {"model": "GestionDePracticas.realizadaproducto", "pk": 2, "fields": {"realizada": 2, "producto": 8, "cantidad": 2, "precio": "15.00"}}, {"model": "GestionDePracticas.realizadaproducto", "pk": 3, "fields": {"realizada": 2, "producto": 9, "cantidad": 1, "precio": "5.00"}}, {"model": "GestionDePracticas.realizadaproducto", "pk": 4, "fields": {"realizada": 6, "producto": 1, "cantidad": 2, "precio": "70.00"}}, {"model": "GestionDePracticas.realizadaproducto", "pk": 5, "fields": {"realizada": 6, "producto": 2, "cantidad": 2, "precio": "80.00"}}, {"model": "GestionDePracticas.realizadaproducto", "pk": 6, "fields": {"realizada": 6, "producto": 5, "cantidad": 2, "precio": "20.00"}}, {"model": "GestionDePracticas.realizadaproducto", "pk": 7, "fields": {"realizada": 6, "producto": 6, "cantidad": 3, "precio": "5.00"}}, {"model": "GestionDePracticas.realizadaproducto", "pk": 8, "fields": {"realizada": 6, "producto": 8, "cantidad": 10, "precio": "15.00"}}, {"model": "GestionDePracticas.realizadaproducto", "pk": 9, "fields": {"realizada": 6, "producto": 9, "cantidad": 3, "precio": "5.00"}}, {"model": "GestionDePracticas.facturada", "pk": 3, "fields": {}}, {"model": "GestionDePracticas.facturada", "pk": 7, "fields": {}}]