[{"model": "GestionDePracticas.practica", "pk": 1, "fields": {"tipo": "Q", "precio": "1254.00", "cliente": 2, "mascota": 4, "tipoDeAtencion": 1, "adelanto": null}}, {"model": "GestionDePracticas.practica", "pk": 2, "fields": {"tipo": "C", "precio": "0.00", "cliente": 6, "mascota": null, "tipoDeAtencion": 1, "adelanto": null}}, {"model": "GestionDePracticas.practica", "pk": 3, "fields": {"tipo": "Q", "precio": "75108.00", "cliente": 2, "mascota": 4, "tipoDeAtencion": 1, "adelanto": null}}, {"model": "GestionDePracticas.practicaservicio", "pk": 1, "fields": {"practica": 1, "servicio": 4, "cantidad": 1, "precio": "400.00"}}, {"model": "GestionDePracticas.practicaservicio", "pk": 2, "fields": {"practica": 2, "servicio": 4, "cantidad": 2, "precio": "400.00"}}, {"model": "GestionDePracticas.practicaservicio", "pk": 3, "fields": {"practica": 3, "servicio": 4, "cantidad": 4, "precio": "400.00"}}, {"model": "GestionDePracticas.practicaservicio", "pk": 4, "fields": {"practica": 3, "servicio": 2, "cantidad": 76, "precio": "500.00"}}, {"model": "GestionDePracticas.practicaproducto", "pk": 1, "fields": {"practica": 1, "producto": 8, "cantidad": 4, "precio": "15.00"}}, {"model": "GestionDePracticas.practicaproducto", "pk": 2, "fields": {"practica": 1, "producto": 5, "cantidad": 1, "precio": "20.00"}}, {"model": "GestionDePracticas.practicaproducto", "pk": 3, "fields": {"practica": 1, "producto": 9, "cantidad": 2, "precio": "5.00"}}, {"model": "GestionDePracticas.practicaproducto", "pk": 4, "fields": {"practica": 1, "producto": 6, "cantidad": 10, "precio": "5.00"}}, {"model": "GestionDePracticas.practicaproducto", "pk": 5, "fields": {"practica": 2, "producto": 8, "cantidad": 8, "precio": "15.00"}}, {"model": "GestionDePracticas.practicaproducto", "pk": 6, "fields": {"practica": 2, "producto": 5, "cantidad": 2, "precio": "20.00"}}, {"model": "GestionDePracticas.practicaproducto", "pk": 7, "fields": {"practica": 2, "producto": 9, "cantidad": 4, "precio": "5.00"}}, {"model": "GestionDePracticas.practicaproducto", "pk": 8, "fields": {"practica": 2, "producto": 6, "cantidad": 20, "precio": "5.00"}}, {"model": "GestionDePracticas.practicaproducto", "pk": 9, "fields": {"practica": 3, "producto": 8, "cantidad": 320, "precio": "15.00"}}, {"model": "GestionDePracticas.practicaproducto", "pk": 10, "fields": {"practica": 3, "producto": 5, "cantidad": 232, "precio": "20.00"}}, {"model": "GestionDePracticas.practicaproducto", "pk": 11, "fields": {"practica": 3, "producto": 9, "cantidad": 8, "precio": "5.00"}}, {"model": "GestionDePracticas.practicaproducto", "pk": 12, "fields": {"practica": 3, "producto": 6, "cantidad": 3840, "precio": "5.00"}}, {"model": "GestionDePracticas.estado", "pk": 1, "fields": {"marca": "2019-04-30T19:32:31.410Z", "practica": 1, "tipo": 1, "usuario": null}}, {"model": "GestionDePracticas.estado", "pk": 2, "fields": {"marca": "2019-04-30T19:32:31.436Z", "practica": 1, "tipo": 5, "usuario": null}}, {"model": "GestionDePracticas.estado", "pk": 3, "fields": {"marca": "2019-04-30T19:52:26.188Z", "practica": 2, "tipo": 1, "usuario": null}}, {"model": "GestionDePracticas.estado", "pk": 4, "fields": {"marca": "2019-04-30T19:52:26.200Z", "practica": 2, "tipo": 3, "usuario": null}}, {"model": "GestionDePracticas.estado", "pk": 5, "fields": {"marca": "2019-04-30T20:30:40.115Z", "practica": 3, "tipo": 1, "usuario": null}}, {"model": "GestionDePracticas.estado", "pk": 6, "fields": {"marca": "2019-04-30T20:30:40.141Z", "practica": 3, "tipo": 5, "usuario": null}}, {"model": "GestionDePracticas.creada", "pk": 1, "fields": {}}, {"model": "GestionDePracticas.creada", "pk": 3, "fields": {}}, {"model": "GestionDePracticas.creada", "pk": 5, "fields": {}}, {"model": "GestionDePracticas.presupuestada", "pk": 4, "fields": {"diasMantenimiento": 7}}, {"model": "GestionDePracticas.realizada", "pk": 2, "fields": {"inicio": "2019-04-30T18:32:00Z", "finalizacion": "2019-04-30T19:32:00Z", "condicionPreviaMascota": "", "resultados": ""}}, {"model": "GestionDePracticas.realizada", "pk": 6, "fields": {"inicio": "2019-04-27T12:45:00Z", "finalizacion": "2019-04-27T13:30:00Z", "condicionPreviaMascota": "", "resultados": ""}}, {"model": "GestionDePracticas.realizadaservicio", "pk": 1, "fields": {"realizada": 2, "servicio": 4, "cantidad": 1, "precio": "400.00", "observaciones": ""}}, {"model": "GestionDePracticas.realizadaservicio", "pk": 2, "fields": {"realizada": 2, "servicio": 3, "cantidad": 2, "precio": "300.00", "observaciones": ""}}, {"model": "GestionDePracticas.realizadaservicio", "pk": 3, "fields": {"realizada": 6, "servicio": 2, "cantidad": 76, "precio": "500.00", "observaciones": ""}}, {"model": "GestionDePracticas.realizadaservicio", "pk": 4, "fields": {"realizada": 6, "servicio": 4, "cantidad": 4, "precio": "400.00", "observaciones": ""}}, {"model": "GestionDePracticas.realizadaproducto", "pk": 1, "fields": {"realizada": 2, "producto": 5, "cantidad": 1, "precio": "20.00"}}, {"model": "GestionDePracticas.realizadaproducto", "pk": 2, "fields": {"realizada": 2, "producto": 6, "cantidad": 10, "precio": "5.00"}}, {"model": "GestionDePracticas.realizadaproducto", "pk": 3, "fields": {"realizada": 2, "producto": 8, "cantidad": 4, "precio": "15.00"}}, {"model": "GestionDePracticas.realizadaproducto", "pk": 4, "fields": {"realizada": 2, "producto": 9, "cantidad": 2, "precio": "5.00"}}, {"model": "GestionDePracticas.realizadaproducto", "pk": 5, "fields": {"realizada": 6, "producto": 5, "cantidad": 232, "precio": "20.00"}}, {"model": "GestionDePracticas.realizadaproducto", "pk": 6, "fields": {"realizada": 6, "producto": 6, "cantidad": 3840, "precio": "5.00"}}, {"model": "GestionDePracticas.realizadaproducto", "pk": 7, "fields": {"realizada": 6, "producto": 8, "cantidad": 320, "precio": "15.00"}}, {"model": "GestionDePracticas.realizadaproducto", "pk": 8, "fields": {"realizada": 6, "producto": 9, "cantidad": 8, "precio": "5.00"}}]