[{"model": "GestionDeClientes.cliente", "pk": 1, "fields": {"dniCuit": "12345678", "nombres": "Jonathan", "apellidos": "Torres", "direccion": "rondeaw 1565", "localidad": "Rawson", "celular": "2804543", "telefono": "297623", "email": "abigail_lucii@hotmail.com", "tipoDeCliente": "E", "descuentoServicio": 10, "descuentoProducto": 10, "cuentaCorriente": "0.00", "baja": false}}, {"model": "GestionDeClientes.cliente", "pk": 2, "fields": {"dniCuit": "28026602", "nombres": "Jonathan", "apellidos": "Bueno", "direccion": "rondeaw 1565", "localidad": "Rawson", "celular": "0435434", "telefono": "043433", "email": "jntorres2014@gmail.com", "tipoDeCliente": "E", "descuentoServicio": 10, "descuentoProducto": 10, "cuentaCorriente": "0.00", "baja": false}}, {"model": "GestionDeClientes.cliente", "pk": 3, "fields": {"dniCuit": "40208905", "nombres": "Lucila", "apellidos": "Allende", "direccion": "soberania nacional 8601", "localidad": "Trelew", "celular": "154678904", "telefono": "4425674", "email": "abigaiil_lucii@hotmail.com", "tipoDeCliente": "C", "descuentoServicio": 10, "descuentoProducto": 10, "cuentaCorriente": "2.00", "baja": false}}, {"model": "GestionDeClientes.cliente", "pk": 4, "fields": {"dniCuit": "40409908", "nombres": "Roberto", "apellidos": "Gutierrex", "direccion": "25 de mayo", "localidad": "Trelew", "celular": "154678900", "telefono": "456", "email": "gdsg@hgj.no", "tipoDeCliente": "C", "descuentoServicio": 3, "descuentoProducto": 3, "cuentaCorriente": "0.00", "baja": true}}, {"model": "GestionDeClientes.cliente", "pk": 5, "fields": {"dniCuit": "40987001", "nombres": "Karina", "apellidos": "Acebedo", "direccion": "siempreviva 742", "localidad": "Trelew", "celular": "02804985", "telefono": "4425674", "email": "abigail_lucii@gmail.com", "tipoDeCliente": "C", "descuentoServicio": 0, "descuentoProducto": 0, "cuentaCorriente": "0.00", "baja": false}}, {"model": "GestionDeClientes.cliente", "pk": 6, "fields": {"dniCuit": "36757447", "nombres": "Bruno", "apellidos": "Pazos", "direccion": "siempreviva 742", "localidad": "Trelew", "celular": "0280455555", "telefono": "4555555", "email": "asdasdas@asdasd.com", "tipoDeCliente": "C", "descuentoServicio": 0, "descuentoProducto": 0, "cuentaCorriente": "0.00", "baja": false}}, {"model": "GestionDeClientes.cliente", "pk": 7, "fields": {"dniCuit": "12344567", "nombres": "Juan Carlos", "apellidos": "Trinidad Ferrer", "direccion": "Guillermo Brown 150 - Barrio Norte", "localidad": "Trelew", "celular": "15748394", "telefono": "4484958", "email": "juancarlos@juancarlos.com", "tipoDeCliente": "C", "descuentoServicio": 10, "descuentoProducto": 0, "cuentaCorriente": "0.00", "baja": true}}, {"model": "GestionDeClientes.cliente", "pk": 8, "fields": {"dniCuit": "32744267", "nombres": "Marcos Daniel", "apellidos": "Fernandez Zapata", "direccion": "2 de Abril - Marcone 255", "localidad": "Rawson", "celular": "15643899", "telefono": "449218", "email": "marcosdaniel@marcosdaniel.com", "tipoDeCliente": "C", "descuentoServicio": 20, "descuentoProducto": 10, "cuentaCorriente": "0.00", "baja": true}}, {"model": "GestionDeMascotas.mascota", "pk": 1, "fields": {"patente": "123123", "nombre": "Paco", "cliente": 1, "fechaNacimiento": "2018-10-30", "especie": "Perro", "raza": "Labrador", "baja": false}}, {"model": "GestionDeMascotas.mascota", "pk": 2, "fields": {"patente": "767698", "nombre": "Tito", "cliente": 5, "fechaNacimiento": "2018-01-15", "especie": "Gato", "raza": "Siames", "baja": false}}, {"model": "GestionDeMascotas.mascota", "pk": 3, "fields": {"patente": "456098", "nombre": "Firulais", "cliente": 4, "fechaNacimiento": "2017-12-22", "especie": "Perro", "raza": "Pitbull", "baja": false}}, {"model": "GestionDeMascotas.mascota", "pk": 4, "fields": {"patente": "777343", "nombre": "Galopito", "cliente": 2, "fechaNacimiento": "2015-10-30", "especie": "Caballo", "raza": "Purasangre Arabe", "baja": false}}, {"model": "GestionDeRubros.rubro", "pk": 1, "fields": {"nombre": "Medicaci\u00f3n", "descripcion": "Una descripcion", "baja": false}}, {"model": "GestionDeRubros.rubro", "pk": 2, "fields": {"nombre": "Jugeteria", "descripcion": "Una descripcion", "baja": false}}, {"model": "GestionDeProductos.producto", "pk": 1, "fields": {"nombre": "Pipeta Garrapaticida", "marca": "Pipetex", "stock": 100, "formaDePresentacion": 3, "precioPorUnidad": "120.00", "precioDeCompra": "70.00", "rubro": 1, "descripcion": "Veneno para garrapatas, peligroso en grandes proporciones.", "baja": false}}, {"model": "GestionDeProductos.producto", "pk": 2, "fields": {"nombre": "Correa", "marca": "ElementCan", "stock": 200, "formaDePresentacion": 3, "precioPorUnidad": "200.00", "precioDeCompra": "80.00", "rubro": 2, "descripcion": "Se usa para pasear animales o para amarrarlos.", "baja": false}}, {"model": "GestionDeProductos.producto", "pk": 3, "fields": {"nombre": "Maxican", "marca": "ProPlan", "stock": 50, "formaDePresentacion": 4, "precioPorUnidad": "400.00", "precioDeCompra": "250.00", "rubro": 2, "descripcion": "Bolsa de comida para perros.", "baja": false}}, {"model": "GestionDeProductos.producto", "pk": 4, "fields": {"nombre": "Maxicat", "marca": "ProPlan", "stock": 80, "formaDePresentacion": 4, "precioPorUnidad": "500.00", "precioDeCompra": "350.00", "rubro": 2, "descripcion": "Bolsa de comida para gato.", "baja": false}}, {"model": "GestionDeProductos.producto", "pk": 5, "fields": {"nombre": "Hueso de Jugete", "marca": "ProPlan", "stock": 50, "formaDePresentacion": 3, "precioPorUnidad": "100.00", "precioDeCompra": "20.00", "rubro": 2, "descripcion": "Huesos de jugete para perro. Distintos modelos.", "baja": false}}, {"model": "GestionDeProductos.producto", "pk": 6, "fields": {"nombre": "Nokeador leve", "marca": "FarmaMas", "stock": 80, "formaDePresentacion": 2, "precioPorUnidad": "10.00", "precioDeCompra": "5.00", "rubro": 2, "descripcion": "Inyectable, se usan 10 cm3 para un animal de 20 kg.", "baja": false}}, {"model": "GestionDeProductos.producto", "pk": 7, "fields": {"nombre": "Cateter", "marca": "AnimalLab", "stock": 50, "formaDePresentacion": 3, "precioPorUnidad": "300.00", "precioDeCompra": "100.00", "rubro": 2, "descripcion": "Cateter para operaciones.", "baja": false}}, {"model": "GestionDeProductos.producto", "pk": 8, "fields": {"nombre": "Guantes", "marca": "Sintetix", "stock": 1200, "formaDePresentacion": 6, "precioPorUnidad": "40.00", "precioDeCompra": "15.00", "rubro": 2, "descripcion": "Guantes de latex.", "baja": false}}, {"model": "GestionDeProductos.producto", "pk": 9, "fields": {"nombre": "Jeringa", "marca": "AnimalLab", "stock": 100, "formaDePresentacion": 3, "precioPorUnidad": "20.00", "precioDeCompra": "5.00", "rubro": 2, "descripcion": "Jeringa descartable.", "baja": false}}, {"model": "GestionDeServicios.servicio", "pk": 1, "fields": {"tipo": "Q", "nombre": "Microcirug\u00eda ocular", "descripcion": "Operaci\u00f3n de ojo a perro con herramientas especiales.", "tiempoEstimado": 120, "precioManoDeObra": "1000.00", "baja": false}}, {"model": "GestionDeServicios.servicio", "pk": 2, "fields": {"tipo": "Q", "nombre": "Colocar Heraduras a Caballo", "descripcion": "Colocarle las herrraduras a un caballo.", "tiempoEstimado": 60, "precioManoDeObra": "500.00", "baja": false}}, {"model": "GestionDeServicios.servicio", "pk": 3, "fields": {"tipo": "Q", "nombre": "Castracion de perro", "descripcion": "Corte de testiculos a un perro", "tiempoEstimado": 30, "precioManoDeObra": "300.00", "baja": false}}, {"model": "GestionDeServicios.servicio", "pk": 4, "fields": {"tipo": "Q", "nombre": "Castracion de perra", "descripcion": "Ligadura de trompas a una perra.", "tiempoEstimado": 60, "precioManoDeObra": "400.00", "baja": false}}, {"model": "GestionDeServicios.servicio", "pk": 5, "fields": {"tipo": "C", "nombre": "Corte de pelo canino.", "descripcion": "corte de pelo a un perro/a.", "tiempoEstimado": 40, "precioManoDeObra": "250.00", "baja": false}}, {"model": "GestionDeServicios.servicioproducto", "pk": 1, "fields": {"servicio": 1, "producto": 6, "cantidad": 10}}, {"model": "GestionDeServicios.servicioproducto", "pk": 2, "fields": {"servicio": 1, "producto": 8, "cantidad": 2}}, {"model": "GestionDeServicios.servicioproducto", "pk": 3, "fields": {"servicio": 1, "producto": 9, "cantidad": 5}}, {"model": "GestionDeServicios.servicioproducto", "pk": 4, "fields": {"servicio": 1, "producto": 7, "cantidad": 1}}, {"model": "GestionDeServicios.servicioproducto", "pk": 5, "fields": {"servicio": 2, "producto": 6, "cantidad": 50}}, {"model": "GestionDeServicios.servicioproducto", "pk": 6, "fields": {"servicio": 2, "producto": 2, "cantidad": 1}}, {"model": "GestionDeServicios.servicioproducto", "pk": 7, "fields": {"servicio": 2, "producto": 8, "cantidad": 4}}, {"model": "GestionDeServicios.servicioproducto", "pk": 8, "fields": {"servicio": 3, "producto": 2, "cantidad": 1}}, {"model": "GestionDeServicios.servicioproducto", "pk": 9, "fields": {"servicio": 3, "producto": 6, "cantidad": 10}}, {"model": "GestionDeServicios.servicioproducto", "pk": 10, "fields": {"servicio": 3, "producto": 8, "cantidad": 2}}, {"model": "GestionDeServicios.servicioproducto", "pk": 11, "fields": {"servicio": 3, "producto": 9, "cantidad": 2}}, {"model": "GestionDeServicios.servicioproducto", "pk": 12, "fields": {"servicio": 3, "producto": 5, "cantidad": 1}}, {"model": "GestionDeServicios.servicioproducto", "pk": 13, "fields": {"servicio": 4, "producto": 5, "cantidad": 1}}, {"model": "GestionDeServicios.servicioproducto", "pk": 14, "fields": {"servicio": 4, "producto": 8, "cantidad": 4}}, {"model": "GestionDeServicios.servicioproducto", "pk": 15, "fields": {"servicio": 4, "producto": 9, "cantidad": 2}}, {"model": "GestionDeServicios.servicioproducto", "pk": 16, "fields": {"servicio": 4, "producto": 6, "cantidad": 10}}, {"model": "GestionDeServicios.servicioproducto", "pk": 17, "fields": {"servicio": 5, "producto": 1, "cantidad": 1}}, {"model": "GestionDeServicios.servicioproducto", "pk": 18, "fields": {"servicio": 5, "producto": 5, "cantidad": 1}}, {"model": "GestionDeServicios.servicioproducto", "pk": 19, "fields": {"servicio": 5, "producto": 8, "cantidad": 2}}, {"model": "GestionDeServicios.servicioproducto", "pk": 20, "fields": {"servicio": 5, "producto": 2, "cantidad": 1}}, {"model": "GestionDeTiposDeAtencion.tipodeatencion", "pk": 1, "fields": {"nombre": "Consulta Emergencia Domicilio", "descripcion": "Atencion de emergencia a domicilio fuera del horario laboral normal", "emergencia": true, "lugar": "DOM", "recargo": "10.00", "tipoDeServicio": "C", "inicioFranjaHoraria": "20:00:00", "finFranjaHoraria": "08:00:00", "baja": false}}, {"model": "GestionDeTiposDeAtencion.tipodeatencion", "pk": 2, "fields": {"nombre": "Cirugia Emergencia", "descripcion": "Cirugia realizada de emergencia en quirofano y horario comercial", "emergencia": true, "lugar": "VET", "recargo": "15.00", "tipoDeServicio": "Q", "inicioFranjaHoraria": "08:00:00", "finFranjaHoraria": "20:00:00", "baja": false}}, {"model": "GestionDeTiposDeAtencion.tipodeatencion", "pk": 3, "fields": {"nombre": "Consulta", "descripcion": "Consulta regular", "emergencia": false, "lugar": "VET", "recargo": "0.00", "tipoDeServicio": "C", "inicioFranjaHoraria": "12:00:00", "finFranjaHoraria": "20:00:00", "baja": false}}, {"model": "GestionDeTiposDeAtencion.tipodeatencion", "pk": 4, "fields": {"nombre": "Cirugia", "descripcion": "Cirugia regular", "emergencia": false, "lugar": "VET", "recargo": "0.00", "tipoDeServicio": "Q", "inicioFranjaHoraria": "08:00:00", "finFranjaHoraria": "12:00:00", "baja": false}}, {"model": "GestionDeTiposDeAtencion.tipodeatencion", "pk": 5, "fields": {"nombre": "Consulta Domicilio", "descripcion": "Atencion a domicilio sin caracter de emergencia", "emergencia": false, "lugar": "DOM", "recargo": "5.00", "tipoDeServicio": "C", "inicioFranjaHoraria": "12:00:00", "finFranjaHoraria": "20:00:00", "baja": false}}, {"model": "GestionDeTiposDeAtencion.tipodeatencion", "pk": 6, "fields": {"nombre": "Cirugia Emergencia Domicilio", "descripcion": "Cirugia realizada por emergencia en domicilio", "emergencia": true, "lugar": "DOM", "recargo": "20.00", "tipoDeServicio": "Q", "inicioFranjaHoraria": "00:00:00", "finFranjaHoraria": "23:59:00", "baja": false}}, {"model": "GestionDeTiposDeAtencion.tipodeatencion", "pk": 7, "fields": {"nombre": "Consulta Emergencia Domicilio Horario Normal", "descripcion": "Consulta realizada a domicilio en caracter de emergencia durante horario laboral.", "emergencia": true, "lugar": "DOM", "recargo": "5.00", "tipoDeServicio": "C", "inicioFranjaHoraria": "08:00:00", "finFranjaHoraria": "20:00:00", "baja": false}}, {"model": "GestionDePracticas.practica", "pk": 1, "fields": {"precio": null, "recargo": "0.00", "descuento": "0.00", "cliente": 1, "mascota": 1, "tipoDeAtencion": 1}}, {"model": "GestionDePracticas.practicaservicio", "pk": 1, "fields": {"practica": 1, "servicio": 5, "cantidad": 1, "precio": "250.00"}}, {"model": "GestionDePracticas.practicaproducto", "pk": 1, "fields": {"practica": 1, "producto": 1, "cantidad": 1, "precio": "120.00"}}, {"model": "GestionDePracticas.practicaproducto", "pk": 2, "fields": {"practica": 1, "producto": 5, "cantidad": 1, "precio": "100.00"}}, {"model": "GestionDePracticas.estado", "pk": 1, "fields": {"marca": "2018-11-08T21:15:50.373Z", "practica": 1, "tipo": 1, "usuario": null}}, {"model": "GestionDePracticas.creada", "pk": 1, "fields": {}}]